{
  "args": {
    "n": 256,
    "m_seen": 128,
    "m_unseen": 64,
    "k": 25,
    "amp_lo": 0.5,
    "amp_hi": 2.0,
    "T": 30,
    "lam": 0.05,
    "n_seen": 5,
    "n_unseen": 5,
    "n_train": 4000,
    "n_test": 500,
    "epochs": 150,
    "ft_epochs": 200,
    "batch_size": 128,
    "lr": 0.001,
    "d_embed": 32,
    "ft_budgets": [
      0,
      10,
      25,
      50,
      100,
      200
    ],
    "seed": 42,
    "seen_seed_base": 100,
    "unseen_seed_base": 600,
    "device": "cpu",
    "out_dir": "results_exp1b"
  },
  "alpha": 0.9999990463263657,
  "sn_max": 1.0000009536745438,
  "n_params_lista": 60,
  "n_params_cond": 10204,
  "oracle_seen": 1.640978917606617e-07,
  "oracle_unseen": 2.100209932734742e-07,
  "seen_results": {
    "0": {
      "oracle_nrmse": 1.6374790139650486e-07,
      "ista_topk_nrmse": 0.21553787833347637,
      "shared_lista_nrmse": 0.18864426016807556,
      "cond_lista_nrmse": 0.1968783140182495
    },
    "1": {
      "oracle_nrmse": 1.5900086528120027e-07,
      "ista_topk_nrmse": 0.10678459118200159,
      "shared_lista_nrmse": 0.108647421002388,
      "cond_lista_nrmse": 0.10719645768404007
    },
    "2": {
      "oracle_nrmse": 1.660915630736781e-07,
      "ista_topk_nrmse": 0.17420212661185092,
      "shared_lista_nrmse": 0.15687774121761322,
      "cond_lista_nrmse": 0.1635437160730362
    },
    "3": {
      "oracle_nrmse": 1.6615765304095477e-07,
      "ista_topk_nrmse": 0.2436559599669243,
      "shared_lista_nrmse": 0.2123991698026657,
      "cond_lista_nrmse": 0.22107908129692078
    },
    "4": {
      "oracle_nrmse": 1.6549147601097047e-07,
      "ista_topk_nrmse": 0.2255290126033461,
      "shared_lista_nrmse": 0.19794918596744537,
      "cond_lista_nrmse": 0.20651932060718536
    }
  },
  "unseen_results": {
    "5": {
      "oracle_nrmse": 2.1008686246659635e-07,
      "ista_topk_nrmse": 0.8014158584475517,
      "shared_lista_nrmse": 0.7573705911636353,
      "cond_lista_nrmse": 0.7580389380455017,
      "pm_lista_nrmse": 0.7551374435424805
    },
    "6": {
      "oracle_nrmse": 2.1013265987335217e-07,
      "ista_topk_nrmse": 0.8008028166294098,
      "shared_lista_nrmse": 0.7541849613189697,
      "cond_lista_nrmse": 0.7548102736473083,
      "pm_lista_nrmse": 0.7516323328018188
    },
    "7": {
      "oracle_nrmse": 2.1119751420428655e-07,
      "ista_topk_nrmse": 0.8006517343521118,
      "shared_lista_nrmse": 0.7575556635856628,
      "cond_lista_nrmse": 0.7580468058586121,
      "pm_lista_nrmse": 0.7549875378608704
    },
    "8": {
      "oracle_nrmse": 2.1176056017679913e-07,
      "ista_topk_nrmse": 0.8264631579518318,
      "shared_lista_nrmse": 0.7736138701438904,
      "cond_lista_nrmse": 0.7735301852226257,
      "pm_lista_nrmse": 0.7702176570892334
    },
    "9": {
      "oracle_nrmse": 2.0692736964633696e-07,
      "ista_topk_nrmse": 0.812697019815445,
      "shared_lista_nrmse": 0.7628353834152222,
      "cond_lista_nrmse": 0.7626160383224487,
      "pm_lista_nrmse": 0.7599327564239502
    }
  },
  "adapt_curves": {
    "shared_lista": {
      "5": {
        "0": 0.7573705911636353,
        "10": 0.7556515336036682,
        "25": 0.7550427317619324,
        "50": 0.755033552646637,
        "100": 0.7552513480186462,
        "200": 0.755046010017395
      },
      "6": {
        "0": 0.7541849613189697,
        "10": 0.7548255324363708,
        "25": 0.7555459141731262,
        "50": 0.7525372505187988,
        "100": 0.7512831091880798,
        "200": 0.7513101100921631
      },
      "7": {
        "0": 0.7575556635856628,
        "10": 0.7558552026748657,
        "25": 0.7566025257110596,
        "50": 0.7555978894233704,
        "100": 0.7552231550216675,
        "200": 0.7548313140869141
      },
      "8": {
        "0": 0.7736138701438904,
        "10": 0.7708022594451904,
        "25": 0.7710524797439575,
        "50": 0.7708344459533691,
        "100": 0.7708631157875061,
        "200": 0.7704343199729919
      },
      "9": {
        "0": 0.7628353834152222,
        "10": 0.7605348825454712,
        "25": 0.7601134777069092,
        "50": 0.7604770064353943,
        "100": 0.7600109577178955,
        "200": 0.7598397135734558
      }
    },
    "cond_lista": {
      "5": {
        "0": 0.7580389380455017,
        "10": 0.7557911276817322,
        "25": 0.7551758289337158,
        "50": 0.7551895380020142,
        "100": 0.7555305361747742,
        "200": 0.7552867531776428
      },
      "6": {
        "0": 0.7548102736473083,
        "10": 0.7552453875541687,
        "25": 0.7556263208389282,
        "50": 0.7525193095207214,
        "100": 0.7518681883811951,
        "200": 0.7517666220664978
      },
      "7": {
        "0": 0.7580468058586121,
        "10": 0.7563442587852478,
        "25": 0.7570185661315918,
        "50": 0.7556332945823669,
        "100": 0.7552425265312195,
        "200": 0.7550687193870544
      },
      "8": {
        "0": 0.7735301852226257,
        "10": 0.7709587216377258,
        "25": 0.7711657285690308,
        "50": 0.7712077498435974,
        "100": 0.7707270979881287,
        "200": 0.7703712582588196
      },
      "9": {
        "0": 0.7626160383224487,
        "10": 0.7608591318130493,
        "25": 0.7602475881576538,
        "50": 0.7609482407569885,
        "100": 0.7606319785118103,
        "200": 0.7601503133773804
      }
    }
  }
}