{
  "Gaussian (control)": {
    "mu": 0.3449670260280282,
    "metrics": {
      "naive_topk": {
        "iou_mean": 0.397253159579011,
        "iou_std": 0.0722266620588525,
        "nrmse_mean": 0.5896250950334045,
        "nrmse_std": 0.09353560376419412
      },
      "omp": {
        "iou_mean": 0.9775824175824175,
        "iou_std": 0.048982399388197595,
        "nrmse_mean": 0.025251984639481834,
        "nrmse_std": 0.050345278341149116
      },
      "oomp": {
        "iou_mean": 0.9821978021978022,
        "iou_std": 0.047221558835839034,
        "nrmse_mean": 0.01886100892427443,
        "nrmse_std": 0.04552780374638963
      },
      "cosamp": {
        "iou_mean": 1.0,
        "iou_std": 0.0,
        "nrmse_mean": 1.830190733113623e-15,
        "nrmse_std": 8.105430751188031e-16
      },
      "iht": {
        "iou_mean": 0.7150695027858377,
        "iou_std": 0.20811750241821836,
        "nrmse_mean": 0.2717671457941881,
        "nrmse_std": 0.20331057368819994
      },
      "oracle": {
        "iou_mean": 1.0,
        "iou_std": 0.0,
        "nrmse_mean": 1.830190733113623e-15,
        "nrmse_std": 8.105430751188031e-16
      }
    }
  },
  "Block-coherent (8 blocks, 0.85)": {
    "mu": 0.8059262858663285,
    "metrics": {
      "naive_topk": {
        "iou_mean": 0.11761995260357237,
        "iou_std": 0.04211091959822853,
        "nrmse_mean": 1.0189325424312135,
        "nrmse_std": 0.07203233504993706
      },
      "omp": {
        "iou_mean": 0.7789581049898068,
        "iou_std": 0.1418550015726643,
        "nrmse_mean": 0.22779022667461724,
        "nrmse_std": 0.15471147405159993
      },
      "oomp": {
        "iou_mean": 0.7584332590452695,
        "iou_std": 0.1975990223666668,
        "nrmse_mean": 0.25963913808718425,
        "nrmse_std": 0.21688020523500087
      },
      "cosamp": {
        "iou_mean": 1.0,
        "iou_std": 0.0,
        "nrmse_mean": 2.045778874311936e-15,
        "nrmse_std": 7.111808554838563e-16
      },
      "iht": {
        "iou_mean": 0.38124663939292414,
        "iou_std": 0.08744404528934901,
        "nrmse_mean": 0.6432424476241262,
        "nrmse_std": 0.12114183177838814
      },
      "oracle": {
        "iou_mean": 1.0,
        "iou_std": 0.0,
        "nrmse_mean": 2.045778874311936e-15,
        "nrmse_std": 7.111808554838563e-16
      }
    }
  },
  "Spike-tail (40 bad pairs, 0.97)": {
    "mu": 0.9700000000000005,
    "metrics": {
      "naive_topk": {
        "iou_mean": 0.35526685698474564,
        "iou_std": 0.07293817926048415,
        "nrmse_mean": 0.8666888575414007,
        "nrmse_std": 0.20801216008691648
      },
      "omp": {
        "iou_mean": 0.8116893340767091,
        "iou_std": 0.09760411329571428,
        "nrmse_mean": 0.4037633023727536,
        "nrmse_std": 0.15719907546016912
      },
      "oomp": {
        "iou_mean": 0.8524773376831218,
        "iou_std": 0.09222839748302299,
        "nrmse_mean": 0.3186547667177669,
        "nrmse_std": 0.16284438617293157
      },
      "cosamp": {
        "iou_mean": 0.987816091954023,
        "iou_std": 0.059964758223711,
        "nrmse_mean": 0.01809304763443028,
        "nrmse_std": 0.0891770858610881
      },
      "iht": {
        "iou_mean": 0.6023439717728306,
        "iou_std": 0.1494818759360125,
        "nrmse_mean": 0.43550906796899436,
        "nrmse_std": 0.16222286144953088
      },
      "oracle": {
        "iou_mean": 1.0,
        "iou_std": 0.0,
        "nrmse_mean": 1.9218701850782224e-15,
        "nrmse_std": 8.837671729257803e-16
      }
    }
  }
}