{
  "args": {
    "regime": "strict55",
    "arch": "both",
    "op_seed": 0,
    "init_seed": 42,
    "epochs": 5,
    "d": 24,
    "n_heads": 4,
    "n_layers": 2,
    "mlp_hidden": 64,
    "n_train": 4000,
    "n_test": 500,
    "batch_size": 128,
    "lr": 0.001,
    "tag": "sanity"
  },
  "n": 256,
  "m": 128,
  "k": 55,
  "mu": 0.3528288006782532,
  "results": {
    "mlp": {
      "0.0": {
        "naive": {
          "nrmse_mean": 0.7850728005591748,
          "nrmse_std": 0.06210746719666351,
          "iou_mean": 0.3290646019719464,
          "iou_std": 0.04372265300602214
        },
        "omp": {
          "nrmse_mean": 0.922213871744983,
          "nrmse_std": 0.15287895964391202,
          "iou_mean": 0.33123090394757093,
          "iou_std": 0.08045322565047128
        },
        "cosamp": {
          "nrmse_mean": 0.5601775137937758,
          "nrmse_std": 0.1185651763435337,
          "iou_mean": 0.5343802921474635,
          "iou_std": 0.0891083613448873
        },
        "learned": {
          "nrmse_mean": 0.6014492725825853,
          "nrmse_std": 0.10027089793360519,
          "iou_mean": 0.49993985502622956,
          "iou_std": 0.07686165380004005
        },
        "oracle": {
          "nrmse_mean": 6.556442083383463e-08,
          "nrmse_std": 7.952631573785532e-09,
          "iou_mean": 1.0,
          "iou_std": 0.0
        }
      }
    },
    "gast": {
      "0.0": {
        "naive": {
          "nrmse_mean": 0.7850728005591748,
          "nrmse_std": 0.06210746719666351,
          "iou_mean": 0.3290646019719464,
          "iou_std": 0.04372265300602214
        },
        "omp": {
          "nrmse_mean": 0.922213871744983,
          "nrmse_std": 0.15287895964391202,
          "iou_mean": 0.33123090394757093,
          "iou_std": 0.08045322565047128
        },
        "cosamp": {
          "nrmse_mean": 0.5601775137937758,
          "nrmse_std": 0.1185651763435337,
          "iou_mean": 0.5343802921474635,
          "iou_std": 0.0891083613448873
        },
        "learned": {
          "nrmse_mean": 0.5968445389426659,
          "nrmse_std": 0.10336080212651917,
          "iou_mean": 0.5044434108674088,
          "iou_std": 0.08075298858841524
        },
        "oracle": {
          "nrmse_mean": 6.556442083383463e-08,
          "nrmse_std": 7.952631573785532e-09,
          "iou_mean": 1.0,
          "iou_std": 0.0
        }
      }
    }
  }
}