{
  "m=96,k=40": {
    "cosamp": {
      "nrmse_mean": 0.49141457559229956,
      "nrmse_se": 0.002302169145141594,
      "iou_mean": 0.37518262342148273,
      "iou_se": 0.0013363009717287451
    },
    "amp_raw": {
      "nrmse_mean": 0.3015572965090381,
      "nrmse_se": 0.0024622821209092736,
      "iou_mean": 0.5638068539211689,
      "iou_se": 0.002227151100369523
    },
    "amp_topk_refit": {
      "nrmse_mean": 0.24675717223404858,
      "nrmse_se": 0.002766006783198891,
      "iou_mean": 0.5638068539211689,
      "iou_se": 0.002227151100369523
    },
    "oracle": {
      "nrmse_mean": 1.855953014341247e-15,
      "nrmse_se": 9.53030568632189e-18,
      "iou_mean": 1.0,
      "iou_se": 0.0
    }
  },
  "m=96,k=55": {
    "cosamp": {
      "nrmse_mean": 0.6978335916809668,
      "nrmse_se": 0.0017261769330572197,
      "iou_mean": 0.3116139604164731,
      "iou_se": 0.0008350964271766474
    },
    "amp_raw": {
      "nrmse_mean": 0.531849574140523,
      "nrmse_se": 0.002063564831566936,
      "iou_mean": 0.39338168466120865,
      "iou_se": 0.0012258275204269898
    },
    "amp_topk_refit": {
      "nrmse_mean": 0.5368323276417905,
      "nrmse_se": 0.002371513407835919,
      "iou_mean": 0.39338168466120865,
      "iou_se": 0.0012258275204269898
    },
    "oracle": {
      "nrmse_mean": 2.071439716818179e-15,
      "nrmse_se": 8.27845397492021e-18,
      "iou_mean": 1.0,
      "iou_se": 0.0
    }
  }
}