{
  "m=96,k=40": {
    "cosamp": {
      "nrmse_mean": 1.0253169843771086,
      "nrmse_se": 0.0028669582577245467,
      "iou_mean": 0.16046620440337006,
      "iou_se": 0.0008310829518499015
    },
    "block_score_topk": {
      "nrmse_mean": 0.25370235810326913,
      "nrmse_se": 0.002811999124908996,
      "iou_mean": 0.7600334791949653,
      "iou_se": 0.0026197951705994498
    },
    "adaptive_block_refinement": {
      "nrmse_mean": 4.41008122966535e-05,
      "nrmse_se": 4.410081229467749e-05,
      "iou_mean": 0.9847178861788617,
      "iou_se": 0.0006576121937890076
    },
    "oracle": {
      "nrmse_mean": 1.9758012866760325e-15,
      "nrmse_se": 7.699599435809674e-18,
      "iou_mean": 1.0,
      "iou_se": 0.0
    },
    "accepted_steps": {
      "mean": 1.202,
      "se": 0.014135013248425969
    }
  },
  "m=96,k=55": {
    "cosamp": {
      "nrmse_mean": 1.3827888875171035,
      "nrmse_se": 0.0036508067945498083,
      "iou_mean": 0.15950625305828217,
      "iou_se": 0.0006202123057986015
    },
    "block_score_topk": {
      "nrmse_mean": 0.39292530028610767,
      "nrmse_se": 0.0026794280958325565,
      "iou_mean": 0.6941415793102583,
      "iou_se": 0.0022163594950943438
    },
    "adaptive_block_refinement": {
      "nrmse_mean": 0.0014322436994052316,
      "nrmse_se": 0.00039711770107938405,
      "iou_mean": 0.9840486235986237,
      "iou_se": 0.0005970111912219958
    },
    "oracle": {
      "nrmse_mean": 2.1810694663053335e-15,
      "nrmse_se": 6.246045988196824e-18,
      "iou_mean": 1.0,
      "iou_se": 0.0
    },
    "accepted_steps": {
      "mean": 2.1126666666666667,
      "se": 0.01702543281471135
    }
  },
  "m=112,k=55": {
    "cosamp": {
      "nrmse_mean": 1.1633234236746575,
      "nrmse_se": 0.002572684812436254,
      "iou_mean": 0.16129164188774842,
      "iou_se": 0.0006416338326964
    },
    "block_score_topk": {
      "nrmse_mean": 0.27649630524638275,
      "nrmse_se": 0.002430737975793882,
      "iou_mean": 0.7611111314201022,
      "iou_se": 0.002205087434704104
    },
    "adaptive_block_refinement": {
      "nrmse_mean": 0.00010324020420112493,
      "nrmse_se": 6.431359167179734e-05,
      "iou_mean": 0.9851905483405483,
      "iou_se": 0.0005429052128419244
    },
    "oracle": {
      "nrmse_mean": 2.0914765301516093e-15,
      "nrmse_se": 6.1285941628579116e-18,
      "iou_mean": 1.0,
      "iou_se": 0.0
    },
    "accepted_steps": {
      "mean": 1.6186666666666667,
      "se": 0.016181402837345305
    }
  },
  "m=128,k=70": {
    "cosamp": {
      "nrmse_mean": 1.2464238981384272,
      "nrmse_se": 0.00279220489217018,
      "iou_mean": 0.18532492494343417,
      "iou_se": 0.0006156904639209192
    },
    "block_score_topk": {
      "nrmse_mean": 0.2686204551719253,
      "nrmse_se": 0.0021978923337706837,
      "iou_mean": 0.7847385862594849,
      "iou_se": 0.0019249794805170665
    },
    "adaptive_block_refinement": {
      "nrmse_mean": 0.0008564366362275644,
      "nrmse_se": 0.00020800594273189465,
      "iou_mean": 0.9836022633469648,
      "iou_se": 0.0005000005209259381
    },
    "oracle": {
      "nrmse_mean": 2.234464508386889e-15,
      "nrmse_se": 5.348475321814357e-18,
      "iou_mean": 1.0,
      "iou_se": 0.0
    },
    "accepted_steps": {
      "mean": 1.8313333333333333,
      "se": 0.017261223454037914
    }
  }
}