{
  "m=96,k=40": {
    "cosamp": {
      "nrmse_mean": 0.49849368060344373,
      "nrmse_se": 0.0023321150048323017,
      "iou_mean": 0.37526364340039375,
      "iou_se": 0.0013503539597839887
    },
    "block_lista_raw": {
      "nrmse_mean": 0.5629124049927621,
      "nrmse_se": 0.0011836101498154162,
      "iou_mean": 0.5433165444762215,
      "iou_se": 0.00160326593338538
    },
    "block_lista_block_refit": {
      "nrmse_mean": 0.26100905584646356,
      "nrmse_se": 0.00312139396197276,
      "iou_mean": 0.7700215488215487,
      "iou_se": 0.0027355291918883837
    },
    "oracle": {
      "nrmse_mean": 3.295090342278631e-08,
      "nrmse_se": 8.117933227445915e-11,
      "iou_mean": 1.0,
      "iou_se": 0.0
    }
  },
  "m=96,k=55": {
    "cosamp": {
      "nrmse_mean": 0.6993920787719583,
      "nrmse_se": 0.001746928866921319,
      "iou_mean": 0.3122660045495943,
      "iou_se": 0.0008353823906601604
    },
    "block_lista_raw": {
      "nrmse_mean": 0.6285107956102964,
      "nrmse_se": 0.0010960215730804297,
      "iou_mean": 0.4859372862277875,
      "iou_se": 0.001367508741146356
    },
    "block_lista_block_refit": {
      "nrmse_mean": 0.4451656656625262,
      "nrmse_se": 0.003024997764816448,
      "iou_mean": 0.6739877175656588,
      "iou_se": 0.0023746810595315685
    },
    "oracle": {
      "nrmse_mean": 3.840489408247225e-08,
      "nrmse_se": 9.154027247419735e-11,
      "iou_mean": 1.0,
      "iou_se": 0.0
    }
  }
}