{
  "config": {
    "n": 256,
    "m": 96,
    "k": 55,
    "block_size": 5,
    "n_train": 1000,
    "n_test": 300,
    "seed": 0,
    "noise_std": 0.0,
    "max_iters": 30,
    "out_prefix": "learned_block_scorer_m96_k55"
  },
  "methods": [
    "naive",
    "cosamp",
    "block_score_topk",
    "learned_block_scorer",
    "oracle"
  ],
  "summary": {
    "naive": {
      "nrmse": {
        "mean": 0.9199495705218688,
        "std": 0.07145731462471208,
        "median": 0.9159591001915668
      },
      "iou": {
        "mean": 0.2837978552453939,
        "std": 0.03882498219549527,
        "median": 0.27906976744186046
      },
      "precision": {
        "mean": 0.4375151515151515,
        "std": 0.04764187646410581,
        "median": 0.43636363636363634
      },
      "recall": {
        "mean": 0.4441224004753417,
        "std": 0.047820871228429776,
        "median": 0.45098039215686275
      },
      "support_size": {
        "mean": 55.0,
        "std": 0.0,
        "median": 55.0
      }
    },
    "cosamp": {
      "nrmse": {
        "mean": 0.8274468280490891,
        "std": 0.07066130791098821,
        "median": 0.830084937545974
      },
      "iou": {
        "mean": 0.3606935160861038,
        "std": 0.053521111159054516,
        "median": 0.35802469135802467
      },
      "precision": {
        "mean": 0.5239999999999999,
        "std": 0.05705615618561844,
        "median": 0.5272727272727272
      },
      "recall": {
        "mean": 0.5321045751633987,
        "std": 0.05934851400826583,
        "median": 0.5272727272727272
      },
      "support_size": {
        "mean": 55.0,
        "std": 0.0,
        "median": 55.0
      }
    },
    "block_score_topk": {
      "nrmse": {
        "mean": 0.7430487057255774,
        "std": 0.14150844394785578,
        "median": 0.7581788918587163
      },
      "iou": {
        "mean": 0.5418561461142515,
        "std": 0.1165195953291713,
        "median": 0.5714285714285714
      },
      "precision": {
        "mean": 0.6904848484848485,
        "std": 0.09765761670760813,
        "median": 0.7272727272727273
      },
      "recall": {
        "mean": 0.7009566250742723,
        "std": 0.09871598082202047,
        "median": 0.7272727272727273
      },
      "support_size": {
        "mean": 55.0,
        "std": 0.0,
        "median": 55.0
      }
    },
    "learned_block_scorer": {
      "nrmse": {
        "mean": 0.7584570432773755,
        "std": 0.1310029334553623,
        "median": 0.7677131427962781
      },
      "iou": {
        "mean": 0.526880719981709,
        "std": 0.11313607031455045,
        "median": 0.49295774647887325
      },
      "precision": {
        "mean": 0.6802970885323827,
        "std": 0.09687017293775263,
        "median": 0.6363636363636364
      },
      "recall": {
        "mean": 0.6860487225193108,
        "std": 0.09811433338231555,
        "median": 0.6862745098039216
      },
      "support_size": {
        "mean": 54.64,
        "std": 1.1447270417003348,
        "median": 55.0
      }
    },
    "oracle": {
      "nrmse": {
        "mean": 2.1004774462926127e-15,
        "std": 4.48943822962655e-16,
        "median": 2.0303316606451404e-15
      },
      "iou": {
        "mean": 1.0,
        "std": 0.0,
        "median": 1.0
      },
      "precision": {
        "mean": 1.0,
        "std": 0.0,
        "median": 1.0
      },
      "recall": {
        "mean": 1.0,
        "std": 0.0,
        "median": 1.0
      },
      "support_size": {
        "mean": 54.2,
        "std": 1.6,
        "median": 55.0
      }
    }
  },
  "interpretation": "learned_block_scorer predicts active blocks first, then selects coordinates inside the highest-probability blocks. It should be compared primarily against block_score_topk and CoSaMP."
}