{
  "input_files": [
    "/Users/taewoonchoi/Desktop/phase_2_sparse_recovery/results/structured_priors/structured_priors.json",
    "/Users/taewoonchoi/Desktop/phase_2_sparse_recovery/results/structured_priors/structured_priors_k55.json",
    "/Users/taewoonchoi/Desktop/phase_2_sparse_recovery/results/structured_priors/structured_priors_k70.json",
    "/Users/taewoonchoi/Desktop/phase_2_sparse_recovery/results/structured_priors/structured_priors_m96_k40.json",
    "/Users/taewoonchoi/Desktop/phase_2_sparse_recovery/results/structured_priors/structured_priors_m96_k55.json"
  ],
  "rows": [
    {
      "label": "m=128, k=40",
      "m": 128,
      "k": 40,
      "family": "iid_sparse",
      "naive_nrmse": 0.718396684913205,
      "naive_iou": 0.3399518930801927,
      "omp_nrmse": 0.4620826287334212,
      "omp_iou": 0.6224620676431706,
      "cosamp_nrmse": 0.018899178730569625,
      "cosamp_iou": 0.9861217561508259,
      "htp_nrmse": 0.5751777649741913,
      "htp_iou": 0.4804948373393927,
      "smoothed_topk_nrmse": 0.9933461758362153,
      "smoothed_topk_iou": 0.15474935319083408,
      "block_score_topk_nrmse": 0.9371355411309374,
      "block_score_topk_iou": 0.1723519926008926,
      "oracle_nrmse": 1.7850955696495317e-15,
      "oracle_iou": 1.0,
      "structured_method": "none",
      "structured_gain_vs_cosamp": NaN
    },
    {
      "label": "m=128, k=40",
      "m": 128,
      "k": 40,
      "family": "block_sparse",
      "naive_nrmse": 0.7180267590352081,
      "naive_iou": 0.3360277285215726,
      "omp_nrmse": 0.4598527410491529,
      "omp_iou": 0.6189543759129549,
      "cosamp_nrmse": 0.017566516613959235,
      "cosamp_iou": 0.9870869652251821,
      "htp_nrmse": 0.5574803337103175,
      "htp_iou": 0.4919922286361228,
      "smoothed_topk_nrmse": 0.6226648739854319,
      "smoothed_topk_iou": 0.5184910023600766,
      "block_score_topk_nrmse": 0.4140515487463744,
      "block_score_topk_iou": 0.7154141414141415,
      "oracle_nrmse": 1.8039152878375283e-15,
      "oracle_iou": 1.0,
      "structured_method": "block_score_topk",
      "structured_gain_vs_cosamp": -0.39648503213241515
    },
    {
      "label": "m=128, k=40",
      "m": 128,
      "k": 40,
      "family": "cluster_sparse",
      "naive_nrmse": 0.7204681411854799,
      "naive_iou": 0.33803957183611616,
      "omp_nrmse": 0.41880397878894277,
      "omp_iou": 0.6508723791172767,
      "cosamp_nrmse": 0.026766619905118284,
      "cosamp_iou": 0.9774351051659173,
      "htp_nrmse": 0.5625000295766673,
      "htp_iou": 0.48225874425697285,
      "smoothed_topk_nrmse": 0.6077836826715359,
      "smoothed_topk_iou": 0.5468226803204072,
      "block_score_topk_nrmse": 0.6523115563039836,
      "block_score_topk_iou": 0.4820988821889166,
      "oracle_nrmse": 1.866524987874428e-15,
      "oracle_iou": 1.0,
      "structured_method": "smoothed_topk",
      "structured_gain_vs_cosamp": -0.5810170627664176
    },
    {
      "label": "m=128, k=40",
      "m": 128,
      "k": 40,
      "family": "markov_sparse",
      "naive_nrmse": 0.7188872932855849,
      "naive_iou": 0.3424567902207809,
      "omp_nrmse": 0.42261382560211486,
      "omp_iou": 0.6488993738090764,
      "cosamp_nrmse": 0.01989555185589326,
      "cosamp_iou": 0.9847517668555537,
      "htp_nrmse": 0.5503841072484341,
      "htp_iou": 0.4971306116463207,
      "smoothed_topk_nrmse": 0.7747901108821356,
      "smoothed_topk_iou": 0.36390510634133805,
      "block_score_topk_nrmse": 0.7768494623068734,
      "block_score_topk_iou": 0.34259552050210146,
      "oracle_nrmse": 1.850632973988292e-15,
      "oracle_iou": 1.0,
      "structured_method": "smoothed_topk",
      "structured_gain_vs_cosamp": -0.7548945590262423
    },
    {
      "label": "m=128, k=55",
      "m": 128,
      "k": 55,
      "family": "iid_sparse",
      "naive_nrmse": 0.7944669789222035,
      "naive_iou": 0.32846499094926657,
      "omp_nrmse": 0.8928339578645672,
      "omp_iou": 0.3514250346752996,
      "cosamp_nrmse": 0.5602519238584942,
      "cosamp_iou": 0.5404797706683516,
      "htp_nrmse": 0.7483513653787994,
      "htp_iou": 0.39840645404843394,
      "smoothed_topk_nrmse": 1.0264647667091347,
      "smoothed_topk_iou": 0.18678960778378784,
      "block_score_topk_nrmse": 0.9799590854297455,
      "block_score_topk_iou": 0.20253573966497965,
      "oracle_nrmse": 1.946653143038125e-15,
      "oracle_iou": 1.0,
      "structured_method": "none",
      "structured_gain_vs_cosamp": NaN
    },
    {
      "label": "m=128, k=55",
      "m": 128,
      "k": 55,
      "family": "block_sparse",
      "naive_nrmse": 0.795617825783506,
      "naive_iou": 0.32189693230255173,
      "omp_nrmse": 0.9234765102405007,
      "omp_iou": 0.3286498246713002,
      "cosamp_nrmse": 0.5810448952348178,
      "cosamp_iou": 0.5239594302319565,
      "htp_nrmse": 0.7421824636789354,
      "htp_iou": 0.39289160275296353,
      "smoothed_topk_nrmse": 0.7393643049214751,
      "smoothed_topk_iou": 0.46900659284613666,
      "block_score_topk_nrmse": 0.5741108028194091,
      "block_score_topk_iou": 0.6252445054945054,
      "oracle_nrmse": 1.9504218496665023e-15,
      "oracle_iou": 1.0,
      "structured_method": "block_score_topk",
      "structured_gain_vs_cosamp": 0.006934092415408766
    },
    {
      "label": "m=128, k=55",
      "m": 128,
      "k": 55,
      "family": "cluster_sparse",
      "naive_nrmse": 0.7863465775399047,
      "naive_iou": 0.32967768573748707,
      "omp_nrmse": 0.906408499822303,
      "omp_iou": 0.34304056130809185,
      "cosamp_nrmse": 0.5564240987885714,
      "cosamp_iou": 0.5435581865551059,
      "htp_nrmse": 0.7307756696980974,
      "htp_iou": 0.4028314608448879,
      "smoothed_topk_nrmse": 0.717630799243283,
      "smoothed_topk_iou": 0.4866280956730515,
      "block_score_topk_nrmse": 0.759909294665558,
      "block_score_topk_iou": 0.43332474955262634,
      "oracle_nrmse": 1.9386934159906737e-15,
      "oracle_iou": 1.0,
      "structured_method": "smoothed_topk",
      "structured_gain_vs_cosamp": -0.16120670045471164
    },
    {
      "label": "m=128, k=55",
      "m": 128,
      "k": 55,
      "family": "markov_sparse",
      "naive_nrmse": 0.7897984824038585,
      "naive_iou": 0.32611775722770014,
      "omp_nrmse": 0.8985604449435993,
      "omp_iou": 0.3397061318117689,
      "cosamp_nrmse": 0.5721172768669726,
      "cosamp_iou": 0.5244036817328209,
      "htp_nrmse": 0.7356396962909264,
      "htp_iou": 0.40012082210557554,
      "smoothed_topk_nrmse": 0.8518038178397093,
      "smoothed_topk_iou": 0.3502560168872222,
      "block_score_topk_nrmse": 0.8522113692558057,
      "block_score_topk_iou": 0.33479622285773547,
      "oracle_nrmse": 1.9875915925045384e-15,
      "oracle_iou": 1.0,
      "structured_method": "smoothed_topk",
      "structured_gain_vs_cosamp": -0.2796865409727367
    },
    {
      "label": "m=128, k=70",
      "m": 128,
      "k": 70,
      "family": "iid_sparse",
      "naive_nrmse": 0.851372126637152,
      "naive_iou": 0.33154696601522926,
      "omp_nrmse": 1.0656971376748516,
      "omp_iou": 0.2899658577571495,
      "cosamp_nrmse": 0.7171932286578354,
      "cosamp_iou": 0.45194613517717014,
      "htp_nrmse": 0.873509016096144,
      "htp_iou": 0.36493959074858223,
      "smoothed_topk_nrmse": 1.087374654094228,
      "smoothed_topk_iou": 0.2168498984862741,
      "block_score_topk_nrmse": 1.0371933610658717,
      "block_score_topk_iou": 0.231045218299978,
      "oracle_nrmse": 2.2064002600081806e-15,
      "oracle_iou": 1.0,
      "structured_method": "none",
      "structured_gain_vs_cosamp": NaN
    },
    {
      "label": "m=128, k=70",
      "m": 128,
      "k": 70,
      "family": "block_sparse",
      "naive_nrmse": 0.8569047033623027,
      "naive_iou": 0.32936902791052103,
      "omp_nrmse": 1.083986849503412,
      "omp_iou": 0.2877192723148411,
      "cosamp_nrmse": 0.7120429868441847,
      "cosamp_iou": 0.4557925547891917,