{
  "config": {
    "n": 256,
    "m": 96,
    "k": 40,
    "n_test": 200,
    "seed": 0,
    "noise_std": 0.0,
    "block_size": 5,
    "cluster_radius": 3,
    "max_iters": 30,
    "out_prefix": "structured_priors_m96_k40"
  },
  "families": [
    "iid_sparse",
    "block_sparse",
    "cluster_sparse",
    "markov_sparse"
  ],
  "methods": [
    "naive",
    "omp",
    "cosamp",
    "htp",
    "smoothed_topk",
    "block_score_topk",
    "oracle"
  ],
  "summary": {
    "iid_sparse": {
      "naive": {
        "nrmse": {
          "mean": 0.827524682993988,
          "std": 0.07521161978229031,
          "median": 0.8320678176087934
        },
        "iou": {
          "mean": 0.28759175418440575,
          "std": 0.04712859060542601,
          "median": 0.2903225806451613
        },
        "precision": {
          "mean": 0.44462500000000005,
          "std": 0.0571115958015533,
          "median": 0.45
        },
        "recall": {
          "mean": 0.44462500000000005,
          "std": 0.0571115958015533,
          "median": 0.45
        }
      },
      "omp": {
        "nrmse": {
          "mean": 1.0091216718406757,
          "std": 0.1652385568065192,
          "median": 1.0185093644986505
        },
        "iou": {
          "mean": 0.2692171955850266,
          "std": 0.08003878009535799,
          "median": 0.2698412698412698
        },
        "precision": {
          "mean": 0.41825,
          "std": 0.09548265549302659,
          "median": 0.425
        },
        "recall": {
          "mean": 0.41825,
          "std": 0.09548265549302659,
          "median": 0.425
        }
      },
      "cosamp": {
        "nrmse": {
          "mean": 0.6701198856584856,
          "std": 0.14894652361987226,
          "median": 0.6750075027067197
        },
        "iou": {
          "mean": 0.44222149687555323,
          "std": 0.11286627494899037,
          "median": 0.42857142857142855
        },
        "precision": {
          "mean": 0.605,
          "std": 0.10612492638395563,
          "median": 0.6
        },
        "recall": {
          "mean": 0.605,
          "std": 0.10612492638395563,
          "median": 0.6
        }
      },
      "htp": {
        "nrmse": {
          "mean": 0.8113368390631135,
          "std": 0.10986170401202583,
          "median": 0.8099023417611098
        },
        "iou": {
          "mean": 0.3330072244389046,
          "std": 0.06752507691807633,
          "median": 0.3333333333333333
        },
        "precision": {
          "mean": 0.495875,
          "std": 0.07448898828014783,
          "median": 0.5
        },
        "recall": {
          "mean": 0.495875,
          "std": 0.07448898828014783,
          "median": 0.5
        }
      },
      "smoothed_topk": {
        "nrmse": {
          "mean": 1.0871841040560568,
          "std": 0.0828752733845949,
          "median": 1.0774776417970462
        },
        "iou": {
          "mean": 0.13876783498944584,
          "std": 0.036842253649571256,
          "median": 0.14285714285714285
        },
        "precision": {
          "mean": 0.241875,
          "std": 0.056950499339338545,
          "median": 0.25
        },
        "recall": {
          "mean": 0.241875,
          "std": 0.056950499339338545,
          "median": 0.25
        }
      },
      "block_score_topk": {
        "nrmse": {
          "mean": 1.0194070471555314,
          "std": 0.06825571743269587,
          "median": 1.0218274414679964
        },
        "iou": {
          "mean": 0.16131318511605797,
          "std": 0.036515772410337204,
          "median": 0.15942028985507245
        },
        "precision": {
          "mean": 0.276125,
          "std": 0.05369459353603489,
          "median": 0.275
        },
        "recall": {
          "mean": 0.276125,
          "std": 0.05369459353603489,
          "median": 0.275
        }
      },
      "oracle": {
        "nrmse": {
          "mean": 1.9579760453446926e-15,
          "std": 6.114284920154451e-16,
          "median": 1.792198481806248e-15
        },
        "iou": {
          "mean": 1.0,
          "std": 0.0,
          "median": 1.0
        },
        "precision": {
          "mean": 1.0,
          "std": 0.0,
          "median": 1.0
        },
        "recall": {
          "mean": 1.0,
          "std": 0.0,
          "median": 1.0
        }
      }
    },
    "block_sparse": {
      "naive": {
        "nrmse": {
          "mean": 0.838569634822964,
          "std": 0.07127847686605045,
          "median": 0.8448320065845636
        },
        "iou": {
          "mean": 0.27897584469625225,
          "std": 0.04577298025824093,
          "median": 0.2903225806451613
        },
        "precision": {
          "mean": 0.43424999999999997,
          "std": 0.055919026279076064,
          "median": 0.45
        },
        "recall": {
          "mean": 0.43424999999999997,
          "std": 0.055919026279076064,
          "median": 0.45
        }
      },
      "omp": {
        "nrmse": {
          "mean": 1.0180541993039345,
          "std": 0.1485968265922737,
          "median": 1.0205744615683763
        },
        "iou": {
          "mean": 0.2583161421410244,
          "std": 0.07108352823818692,
          "median": 0.25
        },
        "precision": {
          "mean": 0.405625,
          "std": 0.08787197718840746,
          "median": 0.4
        },
        "recall": {
          "mean": 0.405625,
          "std": 0.08787197718840746,
          "median": 0.4
        }
      },
      "cosamp": {
        "nrmse": {
          "mean": 0.6855366162158657,
          "std": 0.16280650904049096,
          "median": 0.683139221337984
        },
        "iou": {
          "mean": 0.4342822427228936,
          "std": 0.1147670465206527,
          "median": 0.42857142857142855
        },
        "precision": {
          "mean": 0.596625,
          "std": 0.1124354676025319,
          "median": 0.6
        },
        "recall": {
          "mean": 0.596625,
          "std": 0.1124354676025319,
          "median": 0.6
        }
      },
      "htp": {
        "nrmse": {
          "mean": 0.8313257886962758,
          "std": 0.11071569100513506,
          "median": 0.8268076066323664
        },
        "iou": {
          "mean": 0.3198649487496345,
          "std": 0.06430470642021066,
          "median": 0.3114754098360656
        },
        "precision": {
          "mean": 0.48112499999999997,
          "std": 0.07342076937079861,
          "median": 0.475
        },
        "recall": {
          "mean": 0.48112499999999997,
          "std": 0.07342076937079861,
          "median": 0.475
        }
      },
      "smoothed_topk": {
        "nrmse": {
          "mean": 0.7571796818401592,
          "std": 0.10708209543894673,
          "median": 0.7589915231037612
        },
        "iou": {
          "mean": 0.43637540607001596,
          "std": 0.08658125099056485,
          "median": 0.42857142857142855
        },
        "precision": {
          "mean": 0.6025,
          "std": 0.08503675675847475,
          "median": 0.6
        },
        "recall": {
          "mean": 0.6025,
          "std": 0.08503675675847475,
          "median": 0.6
        }
      },
      "block_score_topk": {
        "nrmse": {
          "mean": 0.590941055917994,
          "std": 0.15834245287003745,
          "median": 0.6058972439323311
        },
        "iou": {
          "mean": 0.5960248640248639,
          "std": 0.13342289774417607,
          "median": 0.6
        },
        "precision": {
          "mean": 0.738125,
          "std": 0.10576913243002421,
          "median": 0.75
        },
        "recall": {
          "mean": 0.738125,
          "std": 0.10576913243002421,
          "median": 0.75
        }
      },
      "oracle": {
        "nrmse": {
          "mean": 1.8615309285921917e-15,
          "std": 4.853326781245669e-16,
          "median": 1.7392834362089762e-15
        },
        "iou": {
          "mean": 1.0,