{
  "config": {
    "n": 256,
    "m": 128,
    "k": 40,
    "n_test": 200,
    "seed": 0,
    "noise_std": 0.0,
    "block_size": 5,
    "cluster_radius": 3,
    "max_iters": 30,
    "out_prefix": "structured_priors"
  },
  "families": [
    "iid_sparse",
    "block_sparse",
    "cluster_sparse",
    "markov_sparse"
  ],
  "methods": [
    "naive",
    "omp",
    "cosamp",
    "htp",
    "smoothed_topk",
    "block_score_topk",
    "oracle"
  ],
  "summary": {
    "iid_sparse": {
      "naive": {
        "nrmse": {
          "mean": 0.718396684913205,
          "std": 0.06825999280062882,
          "median": 0.7264180878298847
        },
        "iou": {
          "mean": 0.3399518930801927,
          "std": 0.05109507138897189,
          "median": 0.3333333333333333
        },
        "precision": {
          "mean": 0.5052500000000001,
          "std": 0.056711440644723526,
          "median": 0.5
        },
        "recall": {
          "mean": 0.5052500000000001,
          "std": 0.056711440644723526,
          "median": 0.5
        }
      },
      "omp": {
        "nrmse": {
          "mean": 0.4620826287334212,
          "std": 0.29180667197146076,
          "median": 0.4427368024622532
        },
        "iou": {
          "mean": 0.6224620676431706,
          "std": 0.21751215550075104,
          "median": 0.6326530612244898
        },
        "precision": {
          "mean": 0.744375,
          "std": 0.1723992006216966,
          "median": 0.775
        },
        "recall": {
          "mean": 0.744375,
          "std": 0.1723992006216966,
          "median": 0.775
        }
      },
      "cosamp": {
        "nrmse": {
          "mean": 0.018899178730569625,
          "std": 0.12969122328359187,
          "median": 1.6787475628683311e-15
        },
        "iou": {
          "mean": 0.9861217561508259,
          "std": 0.09378742194561246,
          "median": 1.0
        },
        "precision": {
          "mean": 0.9896250000000001,
          "std": 0.07194952657940148,
          "median": 1.0
        },
        "recall": {
          "mean": 0.9896250000000001,
          "std": 0.07194952657940148,
          "median": 1.0
        }
      },
      "htp": {
        "nrmse": {
          "mean": 0.5751777649741913,
          "std": 0.1507001682094122,
          "median": 0.5958040005441467
        },
        "iou": {
          "mean": 0.4804948373393927,
          "std": 0.11820176501390284,
          "median": 0.468013468013468
        },
        "precision": {
          "mean": 0.6409999999999999,
          "std": 0.10219589032832974,
          "median": 0.6375
        },
        "recall": {
          "mean": 0.6409999999999999,
          "std": 0.10219589032832974,
          "median": 0.6375
        }
      },
      "smoothed_topk": {
        "nrmse": {
          "mean": 0.9933461758362153,
          "std": 0.0659276320773356,
          "median": 0.9917701949337193
        },
        "iou": {
          "mean": 0.15474935319083408,
          "std": 0.03833530719135478,
          "median": 0.15942028985507245
        },
        "precision": {
          "mean": 0.266125,
          "std": 0.057222018270941824,
          "median": 0.275
        },
        "recall": {
          "mean": 0.266125,
          "std": 0.057222018270941824,
          "median": 0.275
        }
      },
      "block_score_topk": {
        "nrmse": {
          "mean": 0.9371355411309374,
          "std": 0.05544660636553964,
          "median": 0.9347849822190853
        },
        "iou": {
          "mean": 0.1723519926008926,
          "std": 0.03523813570231664,
          "median": 0.17647058823529413
        },
        "precision": {
          "mean": 0.2925,
          "std": 0.05086747487343952,
          "median": 0.3
        },
        "recall": {
          "mean": 0.2925,
          "std": 0.05086747487343952,
          "median": 0.3
        }
      },
      "oracle": {
        "nrmse": {
          "mean": 1.7850955696495317e-15,
          "std": 5.223025938590948e-16,
          "median": 1.6649537953894469e-15
        },
        "iou": {
          "mean": 1.0,
          "std": 0.0,
          "median": 1.0
        },
        "precision": {
          "mean": 1.0,
          "std": 0.0,
          "median": 1.0
        },
        "recall": {
          "mean": 1.0,
          "std": 0.0,
          "median": 1.0
        }
      }
    },
    "block_sparse": {
      "naive": {
        "nrmse": {
          "mean": 0.7180267590352081,
          "std": 0.06884700167871381,
          "median": 0.7170938029303655
        },
        "iou": {
          "mean": 0.3360277285215726,
          "std": 0.049055653924929915,
          "median": 0.3333333333333333
        },
        "precision": {
          "mean": 0.501,
          "std": 0.055217750769114095,
          "median": 0.5
        },
        "recall": {
          "mean": 0.501,
          "std": 0.055217750769114095,
          "median": 0.5
        }
      },
      "omp": {
        "nrmse": {
          "mean": 0.4598527410491529,
          "std": 0.26704342764345773,
          "median": 0.4178141250372952
        },
        "iou": {
          "mean": 0.6189543759129549,
          "std": 0.20134770815510436,
          "median": 0.6326530612244898
        },
        "precision": {
          "mean": 0.7451249999999999,
          "std": 0.1579892698096931,
          "median": 0.775
        },
        "recall": {
          "mean": 0.7451249999999999,
          "std": 0.1579892698096931,
          "median": 0.775
        }
      },
      "cosamp": {
        "nrmse": {
          "mean": 0.017566516613959235,
          "std": 0.128554205147427,
          "median": 1.6992914042375168e-15
        },
        "iou": {
          "mean": 0.9870869652251821,
          "std": 0.09176976529511163,
          "median": 1.0
        },
        "precision": {
          "mean": 0.9902500000000001,
          "std": 0.07070139673302077,
          "median": 1.0
        },
        "recall": {
          "mean": 0.9902500000000001,
          "std": 0.07070139673302077,
          "median": 1.0
        }
      },
      "htp": {
        "nrmse": {
          "mean": 0.5574803337103175,
          "std": 0.14878688334980078,
          "median": 0.5745300696253821
        },
        "iou": {
          "mean": 0.4919922286361228,
          "std": 0.11772120389440853,
          "median": 0.48148148148148145
        },
        "precision": {
          "mean": 0.6516249999999999,
          "std": 0.10059440528677527,
          "median": 0.65
        },
        "recall": {
          "mean": 0.6516249999999999,
          "std": 0.10059440528677527,
          "median": 0.65
        }
      },
      "smoothed_topk": {
        "nrmse": {
          "mean": 0.6226648739854319,
          "std": 0.09731527114872865,
          "median": 0.6249094329151786
        },
        "iou": {
          "mean": 0.5184910023600766,
          "std": 0.08539225964508597,
          "median": 0.5094339622641509
        },
        "precision": {
          "mean": 0.67875,
          "std": 0.07406711483512773,
          "median": 0.675
        },
        "recall": {
          "mean": 0.67875,
          "std": 0.07406711483512773,
          "median": 0.675
        }
      },
      "block_score_topk": {
        "nrmse": {
          "mean": 0.4140515487463744,
          "std": 0.18800213641520128,
          "median": 0.4305388347478026
        },
        "iou": {
          "mean": 0.7154141414141415,
          "std": 0.1463427301713784,
          "median": 0.7777777777777778
        },
        "precision": {
          "mean": 0.825625,
          "std": 0.09991988978676868,
          "median": 0.875
        },
        "recall": {
          "mean": 0.825625,
          "std": 0.09991988978676868,
          "median": 0.875
        }
      },
      "oracle": {
        "nrmse": {
          "mean": 1.8039152878375283e-15,
          "std": 4.83878211155903e-16,