{
  "config": {
    "n": 256,
    "m": 128,
    "k": 55,
    "n_test": 200,
    "seed": 0,
    "noise_std": 0.0,
    "block_size": 5,
    "cluster_radius": 3,
    "max_iters": 30,
    "out_prefix": "structured_priors_k55"
  },
  "families": [
    "iid_sparse",
    "block_sparse",
    "cluster_sparse",
    "markov_sparse"
  ],
  "methods": [
    "naive",
    "omp",
    "cosamp",
    "htp",
    "smoothed_topk",
    "block_score_topk",
    "oracle"
  ],
  "summary": {
    "iid_sparse": {
      "naive": {
        "nrmse": {
          "mean": 0.7944669789222035,
          "std": 0.062068278140244716,
          "median": 0.7947388193365322
        },
        "iou": {
          "mean": 0.32846499094926657,
          "std": 0.043307199411409175,
          "median": 0.3253012048192771
        },
        "precision": {
          "mean": 0.4929090909090909,
          "std": 0.04894895300208166,
          "median": 0.4909090909090909
        },
        "recall": {
          "mean": 0.4929090909090909,
          "std": 0.04894895300208166,
          "median": 0.4909090909090909
        }
      },
      "omp": {
        "nrmse": {
          "mean": 0.8928339578645672,
          "std": 0.15352376904033416,
          "median": 0.908408079733245
        },
        "iou": {
          "mean": 0.3514250346752996,
          "std": 0.08879237578027505,
          "median": 0.33338230972671173
        },
        "precision": {
          "mean": 0.514090909090909,
          "std": 0.09174051620766904,
          "median": 0.5
        },
        "recall": {
          "mean": 0.514090909090909,
          "std": 0.09174051620766904,
          "median": 0.5
        }
      },
      "cosamp": {
        "nrmse": {
          "mean": 0.5602519238584942,
          "std": 0.11547784637550376,
          "median": 0.5497536955771685
        },
        "iou": {
          "mean": 0.5404797706683516,
          "std": 0.08185941496830774,
          "median": 0.5492957746478874
        },
        "precision": {
          "mean": 0.698,
          "std": 0.06984729506644603,
          "median": 0.7090909090909091
        },
        "recall": {
          "mean": 0.698,
          "std": 0.06984729506644603,
          "median": 0.7090909090909091
        }
      },
      "htp": {
        "nrmse": {
          "mean": 0.7483513653787994,
          "std": 0.11012801212968706,
          "median": 0.7466266744827514
        },
        "iou": {
          "mean": 0.39840645404843394,
          "std": 0.06908366346805335,
          "median": 0.3924050632911392
        },
        "precision": {
          "mean": 0.5663636363636363,
          "std": 0.06977531828177005,
          "median": 0.5636363636363636
        },
        "recall": {
          "mean": 0.5663636363636363,
          "std": 0.06977531828177005,
          "median": 0.5636363636363636
        }
      },
      "smoothed_topk": {
        "nrmse": {
          "mean": 1.0264647667091347,
          "std": 0.071639582345349,
          "median": 1.0283029785367934
        },
        "iou": {
          "mean": 0.18678960778378784,
          "std": 0.03685945190617501,
          "median": 0.1827956989247312
        },
        "precision": {
          "mean": 0.3131818181818181,
          "std": 0.05156837713813726,
          "median": 0.3090909090909091
        },
        "recall": {
          "mean": 0.3131818181818181,
          "std": 0.05156837713813726,
          "median": 0.3090909090909091
        }
      },
      "block_score_topk": {
        "nrmse": {
          "mean": 0.9799590854297455,
          "std": 0.059709502710469084,
          "median": 0.9780683749056801
        },
        "iou": {
          "mean": 0.20253573966497965,
          "std": 0.033670304028072834,
          "median": 0.2087912087912088
        },
        "precision": {
          "mean": 0.33554545454545454,
          "std": 0.046560988175023854,
          "median": 0.34545454545454546
        },
        "recall": {
          "mean": 0.33554545454545454,
          "std": 0.046560988175023854,
          "median": 0.34545454545454546
        }
      },
      "oracle": {
        "nrmse": {
          "mean": 1.946653143038125e-15,
          "std": 5.295519418013913e-16,
          "median": 1.8029922901071925e-15
        },
        "iou": {
          "mean": 1.0,
          "std": 0.0,
          "median": 1.0
        },
        "precision": {
          "mean": 1.0,
          "std": 0.0,
          "median": 1.0
        },
        "recall": {
          "mean": 1.0,
          "std": 0.0,
          "median": 1.0
        }
      }
    },
    "block_sparse": {
      "naive": {
        "nrmse": {
          "mean": 0.795617825783506,
          "std": 0.059596220697093034,
          "median": 0.7926144804987425
        },
        "iou": {
          "mean": 0.32189693230255173,
          "std": 0.03722701308475096,
          "median": 0.3253012048192771
        },
        "precision": {
          "mean": 0.48581818181818176,
          "std": 0.042801096765124134,
          "median": 0.4909090909090909
        },
        "recall": {
          "mean": 0.48581818181818176,
          "std": 0.042801096765124134,
          "median": 0.4909090909090909
        }
      },
      "omp": {
        "nrmse": {
          "mean": 0.9234765102405007,
          "std": 0.15561371399936977,
          "median": 0.9486430136032284
        },
        "iou": {
          "mean": 0.3286498246713002,
          "std": 0.0891292350660196,
          "median": 0.30952380952380953
        },
        "precision": {
          "mean": 0.4881818181818181,
          "std": 0.09775580978697603,
          "median": 0.4727272727272727
        },
        "recall": {
          "mean": 0.4881818181818181,
          "std": 0.09775580978697603,
          "median": 0.4727272727272727
        }
      },
      "cosamp": {
        "nrmse": {
          "mean": 0.5810448952348178,
          "std": 0.11314983882266404,
          "median": 0.570704312918118
        },
        "iou": {
          "mean": 0.5239594302319565,
          "std": 0.08031225447252158,
          "median": 0.5277777777777778
        },
        "precision": {
          "mean": 0.684,
          "std": 0.06905645073727548,
          "median": 0.6909090909090909
        },
        "recall": {
          "mean": 0.684,
          "std": 0.06905645073727548,
          "median": 0.6909090909090909
        }
      },
      "htp": {
        "nrmse": {
          "mean": 0.7421824636789354,
          "std": 0.10679326784450424,
          "median": 0.7496250212996756
        },
        "iou": {
          "mean": 0.39289160275296353,
          "std": 0.06849027766081543,
          "median": 0.3924050632911392
        },
        "precision": {
          "mean": 0.5607272727272726,
          "std": 0.0695306579624716,
          "median": 0.5636363636363636
        },
        "recall": {
          "mean": 0.5607272727272726,
          "std": 0.0695306579624716,
          "median": 0.5636363636363636
        }
      },
      "smoothed_topk": {
        "nrmse": {
          "mean": 0.7393643049214751,
          "std": 0.09397808188357822,
          "median": 0.7381644161680994
        },
        "iou": {
          "mean": 0.46900659284613666,
          "std": 0.07840331723095943,
          "median": 0.4666666666666667
        },
        "precision": {
          "mean": 0.6346363636363636,
          "std": 0.07330672570138332,
          "median": 0.6363636363636364
        },
        "recall": {
          "mean": 0.6346363636363636,
          "std": 0.07330672570138332,
          "median": 0.6363636363636364
        }
      },
      "block_score_topk": {
        "nrmse": {
          "mean": 0.5741108028194091,
          "std": 0.13337926515530094,
          "median": 0.5773888774358568
        },
        "iou": {
          "mean": 0.6252445054945054,
          "std": 0.11560576229870256,
          "median": 0.5714285714285714
        },