{
  "config": {
    "n": 256,
    "m": 128,
    "k": 70,
    "n_test": 200,
    "seed": 0,
    "noise_std": 0.0,
    "block_size": 5,
    "cluster_radius": 3,
    "max_iters": 30,
    "out_prefix": "structured_priors_k70"
  },
  "families": [
    "iid_sparse",
    "block_sparse",
    "cluster_sparse",
    "markov_sparse"
  ],
  "methods": [
    "naive",
    "omp",
    "cosamp",
    "htp",
    "smoothed_topk",
    "block_score_topk",
    "oracle"
  ],
  "summary": {
    "iid_sparse": {
      "naive": {
        "nrmse": {
          "mean": 0.851372126637152,
          "std": 0.05473646287877933,
          "median": 0.8507327278252659
        },
        "iou": {
          "mean": 0.33154696601522926,
          "std": 0.03405789130064277,
          "median": 0.3333333333333333
        },
        "precision": {
          "mean": 0.49700000000000005,
          "std": 0.03863988633946185,
          "median": 0.5
        },
        "recall": {
          "mean": 0.49700000000000005,
          "std": 0.03863988633946185,
          "median": 0.5
        }
      },
      "omp": {
        "nrmse": {
          "mean": 1.0656971376748516,
          "std": 0.11526369279619895,
          "median": 1.061109755697688
        },
        "iou": {
          "mean": 0.2899658577571495,
          "std": 0.04789746672458121,
          "median": 0.28440366972477066
        },
        "precision": {
          "mean": 0.44742857142857145,
          "std": 0.05779555805260682,
          "median": 0.44285714285714284
        },
        "recall": {
          "mean": 0.44742857142857145,
          "std": 0.05779555805260682,
          "median": 0.44285714285714284
        }
      },
      "cosamp": {
        "nrmse": {
          "mean": 0.7171932286578354,
          "std": 0.07048870459246165,
          "median": 0.7127696697433026
        },
        "iou": {
          "mean": 0.45194613517717014,
          "std": 0.05063266433754448,
          "median": 0.44329896907216493
        },
        "precision": {
          "mean": 0.6208571428571428,
          "std": 0.04827303299240388,
          "median": 0.6142857142857143
        },
        "recall": {
          "mean": 0.6208571428571428,
          "std": 0.04827303299240388,
          "median": 0.6142857142857143
        }
      },
      "htp": {
        "nrmse": {
          "mean": 0.873509016096144,
          "std": 0.08910584432431311,
          "median": 0.8657947548710792
        },
        "iou": {
          "mean": 0.36493959074858223,
          "std": 0.046961973329900306,
          "median": 0.3592233009708738
        },
        "precision": {
          "mean": 0.5329999999999999,
          "std": 0.050454869710970615,
          "median": 0.5285714285714286
        },
        "recall": {
          "mean": 0.5329999999999999,
          "std": 0.050454869710970615,
          "median": 0.5285714285714286
        }
      },
      "smoothed_topk": {
        "nrmse": {
          "mean": 1.087374654094228,
          "std": 0.08349777336730918,
          "median": 1.093321056057643
        },
        "iou": {
          "mean": 0.2168498984862741,
          "std": 0.03571156665700018,
          "median": 0.21739130434782608
        },
        "precision": {
          "mean": 0.355,
          "std": 0.0481441288513682,
          "median": 0.35714285714285715
        },
        "recall": {
          "mean": 0.355,
          "std": 0.0481441288513682,
          "median": 0.35714285714285715
        }
      },
      "block_score_topk": {
        "nrmse": {
          "mean": 1.0371933610658717,
          "std": 0.07265308376609132,
          "median": 1.0396318094304853
        },
        "iou": {
          "mean": 0.231045218299978,
          "std": 0.03278700981676934,
          "median": 0.22807017543859648
        },
        "precision": {
          "mean": 0.3742142857142857,
          "std": 0.04320566620058919,
          "median": 0.37142857142857144
        },
        "recall": {
          "mean": 0.3742142857142857,
          "std": 0.04320566620058919,
          "median": 0.37142857142857144
        }
      },
      "oracle": {
        "nrmse": {
          "mean": 2.2064002600081806e-15,
          "std": 4.296253188943744e-16,
          "median": 2.1152166050113268e-15
        },
        "iou": {
          "mean": 1.0,
          "std": 0.0,
          "median": 1.0
        },
        "precision": {
          "mean": 1.0,
          "std": 0.0,
          "median": 1.0
        },
        "recall": {
          "mean": 1.0,
          "std": 0.0,
          "median": 1.0
        }
      }
    },
    "block_sparse": {
      "naive": {
        "nrmse": {
          "mean": 0.8569047033623027,
          "std": 0.06172593896030204,
          "median": 0.8544688539393064
        },
        "iou": {
          "mean": 0.32936902791052103,
          "std": 0.03356386418780212,
          "median": 0.3333333333333333
        },
        "precision": {
          "mean": 0.49457142857142855,
          "std": 0.03786549773035272,
          "median": 0.5
        },
        "recall": {
          "mean": 0.49457142857142855,
          "std": 0.03786549773035272,
          "median": 0.5
        }
      },
      "omp": {
        "nrmse": {
          "mean": 1.083986849503412,
          "std": 0.11545355335265724,
          "median": 1.0771134294219653
        },
        "iou": {
          "mean": 0.2877192723148411,
          "std": 0.04969309353534529,
          "median": 0.28440366972477066
        },
        "precision": {
          "mean": 0.44457142857142856,
          "std": 0.059548642438988726,
          "median": 0.44285714285714284
        },
        "recall": {
          "mean": 0.44457142857142856,
          "std": 0.059548642438988726,
          "median": 0.44285714285714284
        }
      },
      "cosamp": {
        "nrmse": {
          "mean": 0.7120429868441847,
          "std": 0.08041584587137278,
          "median": 0.7172461127232905
        },
        "iou": {
          "mean": 0.4557925547891917,
          "std": 0.05210988120310368,
          "median": 0.4583333333333333
        },
        "precision": {
          "mean": 0.6244285714285716,
          "std": 0.04893957123487149,
          "median": 0.6285714285714286
        },
        "recall": {
          "mean": 0.6244285714285716,
          "std": 0.04893957123487149,
          "median": 0.6285714285714286
        }
      },
      "htp": {
        "nrmse": {
          "mean": 0.879338233215621,
          "std": 0.0965330223197894,
          "median": 0.8820112007769367
        },
        "iou": {
          "mean": 0.3600566124616627,
          "std": 0.048342275136685584,
          "median": 0.3592233009708738
        },
        "precision": {
          "mean": 0.5276428571428571,
          "std": 0.05158859033799262,
          "median": 0.5285714285714286
        },
        "recall": {
          "mean": 0.5276428571428571,
          "std": 0.05158859033799262,
          "median": 0.5285714285714286
        }
      },
      "smoothed_topk": {
        "nrmse": {
          "mean": 0.8257226121443003,
          "std": 0.09854965944834355,
          "median": 0.8304717588783492
        },
        "iou": {
          "mean": 0.4554270950285141,
          "std": 0.06796336512964374,
          "median": 0.4583333333333333
        },
        "precision": {
          "mean": 0.6228571428571429,
          "std": 0.06382373686768195,
          "median": 0.6285714285714286
        },
        "recall": {
          "mean": 0.6228571428571429,
          "std": 0.06382373686768195,
          "median": 0.6285714285714286
        }
      },
      "block_score_topk": {
        "nrmse": {
          "mean": 0.6856634054887927,
          "std": 0.1209014062250899,
          "median": 0.6919622910558798
        },
        "iou": {
          "mean": 0.5806928104575164,
          "std": 0.1007961314797145,
          "median": 0.5555555555555556
        },