{
  "config": {
    "n": 256,
    "m": 96,
    "k": 55,
    "n_test": 200,
    "seed": 0,
    "noise_std": 0.0,
    "block_size": 5,
    "cluster_radius": 3,
    "max_iters": 30,
    "out_prefix": "structured_priors_m96_k55"
  },
  "families": [
    "iid_sparse",
    "block_sparse",
    "cluster_sparse",
    "markov_sparse"
  ],
  "methods": [
    "naive",
    "omp",
    "cosamp",
    "htp",
    "smoothed_topk",
    "block_score_topk",
    "oracle"
  ],
  "summary": {
    "iid_sparse": {
      "naive": {
        "nrmse": {
          "mean": 0.9290659840619143,
          "std": 0.0682545551817708,
          "median": 0.91850433999706
        },
        "iou": {
          "mean": 0.2847128570910796,
          "std": 0.04245362850694149,
          "median": 0.27906976744186046
        },
        "precision": {
          "mean": 0.4415454545454546,
          "std": 0.05108338669953485,
          "median": 0.43636363636363634
        },
        "recall": {
          "mean": 0.4415454545454546,
          "std": 0.05108338669953485,
          "median": 0.43636363636363634
        }
      },
      "omp": {
        "nrmse": {
          "mean": 1.1957623575052083,
          "std": 0.11827419994038968,
          "median": 1.1875669843599614
        },
        "iou": {
          "mean": 0.21736953783027005,
          "std": 0.0455171254118438,
          "median": 0.2087912087912088
        },
        "precision": {
          "mean": 0.35481818181818175,
          "std": 0.061495884428576945,
          "median": 0.34545454545454546
        },
        "recall": {
          "mean": 0.35481818181818175,
          "std": 0.061495884428576945,
          "median": 0.34545454545454546
        }
      },
      "cosamp": {
        "nrmse": {
          "mean": 0.8349695751573882,
          "std": 0.07925630314710522,
          "median": 0.8378044221171062
        },
        "iou": {
          "mean": 0.36021103499315754,
          "std": 0.05851401153900153,
          "median": 0.35802469135802467
        },
        "precision": {
          "mean": 0.5269090909090909,
          "std": 0.06358335454508995,
          "median": 0.5272727272727272
        },
        "recall": {
          "mean": 0.5269090909090909,
          "std": 0.06358335454508995,
          "median": 0.5272727272727272
        }
      },
      "htp": {
        "nrmse": {
          "mean": 1.0007365776665573,
          "std": 0.1054989772644702,
          "median": 0.9845949347003895
        },
        "iou": {
          "mean": 0.29341110457947617,
          "std": 0.05253180534418665,
          "median": 0.29411764705882354
        },
        "precision": {
          "mean": 0.4511818181818182,
          "std": 0.06211366546917455,
          "median": 0.45454545454545453
        },
        "recall": {
          "mean": 0.4511818181818182,
          "std": 0.06211366546917455,
          "median": 0.45454545454545453
        }
      },
      "smoothed_topk": {
        "nrmse": {
          "mean": 1.1755873549144054,
          "std": 0.09681263927012579,
          "median": 1.1672267478158078
        },
        "iou": {
          "mean": 0.17138758929386963,
          "std": 0.03302412589520867,
          "median": 0.1702127659574468
        },
        "precision": {
          "mean": 0.29127272727272724,
          "std": 0.04793107999776415,
          "median": 0.2909090909090909
        },
        "recall": {
          "mean": 0.29127272727272724,
          "std": 0.04793107999776415,
          "median": 0.2909090909090909
        }
      },
      "block_score_topk": {
        "nrmse": {
          "mean": 1.120484702049657,
          "std": 0.08204432860609988,
          "median": 1.1143412889286877
        },
        "iou": {
          "mean": 0.1866340415520029,
          "std": 0.03620454077598071,
          "median": 0.1827956989247312
        },
        "precision": {
          "mean": 0.31299999999999994,
          "std": 0.05119651008250562,
          "median": 0.3090909090909091
        },
        "recall": {
          "mean": 0.31299999999999994,
          "std": 0.05119651008250562,
          "median": 0.3090909090909091
        }
      },
      "oracle": {
        "nrmse": {
          "mean": 2.0318107486525806e-15,
          "std": 3.8743075392445844e-16,
          "median": 1.9497966659499227e-15
        },
        "iou": {
          "mean": 1.0,
          "std": 0.0,
          "median": 1.0
        },
        "precision": {
          "mean": 1.0,
          "std": 0.0,
          "median": 1.0
        },
        "recall": {
          "mean": 1.0,
          "std": 0.0,
          "median": 1.0
        }
      }
    },
    "block_sparse": {
      "naive": {
        "nrmse": {
          "mean": 0.9349416623685434,
          "std": 0.07412258098191137,
          "median": 0.932736160270806
        },
        "iou": {
          "mean": 0.2804133981502692,
          "std": 0.03791098996649493,
          "median": 0.27906976744186046
        },
        "precision": {
          "mean": 0.43663636363636354,
          "std": 0.04626468942512534,
          "median": 0.43636363636363634
        },
        "recall": {
          "mean": 0.43663636363636354,
          "std": 0.04626468942512534,
          "median": 0.43636363636363634
        }
      },
      "omp": {
        "nrmse": {
          "mean": 1.1926283191305083,
          "std": 0.12644476171416247,
          "median": 1.1848671442887702
        },
        "iou": {
          "mean": 0.216376945970206,
          "std": 0.04419879077817248,
          "median": 0.2087912087912088
        },
        "precision": {
          "mean": 0.3536363636363636,
          "std": 0.058880745144404646,
          "median": 0.34545454545454546
        },
        "recall": {
          "mean": 0.3536363636363636,
          "std": 0.058880745144404646,
          "median": 0.34545454545454546
        }
      },
      "cosamp": {
        "nrmse": {
          "mean": 0.8268755628569496,
          "std": 0.07283824563460967,
          "median": 0.8351447437854453
        },
        "iou": {
          "mean": 0.3567638436039901,
          "std": 0.05268880223290172,
          "median": 0.35802469135802467
        },
        "precision": {
          "mean": 0.5237272727272727,
          "std": 0.056149078427561595,
          "median": 0.5272727272727272
        },
        "recall": {
          "mean": 0.5237272727272727,
          "std": 0.056149078427561595,
          "median": 0.5272727272727272
        }
      },
      "htp": {
        "nrmse": {
          "mean": 1.0022113055906507,
          "std": 0.10443211355340122,
          "median": 0.9965606069871822
        },
        "iou": {
          "mean": 0.2893729563188447,
          "std": 0.046729149240613034,
          "median": 0.29411764705882354
        },
        "precision": {
          "mean": 0.4468181818181817,
          "std": 0.05637646481577188,
          "median": 0.45454545454545453
        },
        "recall": {
          "mean": 0.4468181818181817,
          "std": 0.05637646481577188,
          "median": 0.45454545454545453
        }
      },
      "smoothed_topk": {
        "nrmse": {
          "mean": 0.9047864368928128,
          "std": 0.1156506554720486,
          "median": 0.9026917145296587
        },
        "iou": {
          "mean": 0.4046465623904194,
          "std": 0.07912178162526196,
          "median": 0.41025641025641024
        },
        "precision": {
          "mean": 0.5717272727272728,
          "std": 0.07895385198837138,
          "median": 0.5818181818181818
        },
        "recall": {
          "mean": 0.5717272727272728,
          "std": 0.07895385198837138,
          "median": 0.5818181818181818
        }
      },
      "block_score_topk": {
        "nrmse": {
          "mean": 0.7679383303799594,
          "std": 0.13292560434370676,
          "median": 0.7850459263979537
        },
        "iou": {
          "mean": 0.5237696078431372,