{
  "args": {
    "n": 256,
    "k": 25,
    "amp_lo": 0.5,
    "amp_hi": 2.0,
    "T": 30,
    "lam": 0.05,
    "n_train": 4000,
    "n_test": 500,
    "epochs": 150,
    "ft_epochs": 200,
    "batch_size": 64,
    "lr": 0.001,
    "d_embed": 32,
    "ft_budgets": [
      0,
      10,
      25,
      50,
      100,
      200
    ],
    "seed": 42,
    "device": "cuda",
    "out_dir": "results_exp3"
  },
  "global_sn_max": 2.9808888470524098,
  "global_alpha": 0.11254039515612305,
  "n_params": {
    "shared_lista": 60,
    "cond_lista": 11260
  },
  "seen_results": {
    "G_test_seenm64": {
      "oracle_nrmse": 2.5930819106179117e-07,
      "ista_topk_nrmse": 0.7824026101827621,
      "shared_lista_nrmse": 0.7415463328361511,
      "cond_lista_nrmse": 0.7396243214607239
    },
    "G_test_seenm128": {
      "oracle_nrmse": 2.2102190560246982e-07,
      "ista_topk_nrmse": 0.2586667305694866,
      "shared_lista_nrmse": 0.2580511271953583,
      "cond_lista_nrmse": 0.2585919499397278
    },
    "G_test_seenm192": {
      "oracle_nrmse": 1.914954361410537e-07,
      "ista_topk_nrmse": 0.037399014309289894,
      "shared_lista_nrmse": 0.06693998724222183,
      "cond_lista_nrmse": 0.054016321897506714
    }
  },
  "new_m_results": {
    "G_test_newm96_i0": {
      "oracle_nrmse": 2.3088988085362417e-07,
      "ista_topk_nrmse": 0.48042728507518767,
      "shared_lista_nrmse": 0.4794035255908966,
      "cond_lista_nrmse": 0.4796826243400574
    },
    "G_test_newm96_i1": {
      "oracle_nrmse": 2.2803375594548925e-07,
      "ista_topk_nrmse": 0.47918777880072594,
      "shared_lista_nrmse": 0.47768765687942505,
      "cond_lista_nrmse": 0.477992445230484
    },
    "G_test_newm160_i0": {
      "oracle_nrmse": 1.9284027582955333e-07,
      "ista_topk_nrmse": 0.11933085436689174,
      "shared_lista_nrmse": 0.11949507892131805,
      "cond_lista_nrmse": 0.11776357144117355
    },
    "G_test_newm160_i1": {
      "oracle_nrmse": 1.9606024660845377e-07,
      "ista_topk_nrmse": 0.1183733210411288,
      "shared_lista_nrmse": 0.11867275089025497,
      "cond_lista_nrmse": 0.11620146781206131
    }
  },
  "adapt_new": {
    "shared": {
      "G_test_newm96_i0": {
        "0": 0.4794035255908966,
        "10": 0.47783753275871277,
        "25": 0.47775202989578247,
        "50": 0.4774996042251587,
        "100": 0.47751283645629883,
        "200": 0.47741901874542236
      },
      "G_test_newm96_i1": {
        "0": 0.47768765687942505,
        "10": 0.4762020409107208,
        "25": 0.47546249628067017,
        "50": 0.47529926896095276,
        "100": 0.4752551317214966,
        "200": 0.4752078354358673
      },
      "G_test_newm160_i0": {
        "0": 0.11949507892131805,
        "10": 0.11638782173395157,
        "25": 0.11726914346218109,
        "50": 0.1165575310587883,
        "100": 0.11662492156028748,
        "200": 0.11653881520032883
      },
      "G_test_newm160_i1": {
        "0": 0.11867275089025497,
        "10": 0.11585595458745956,
        "25": 0.1153135597705841,
        "50": 0.11539675295352936,
        "100": 0.1152426078915596,
        "200": 0.11529161781072617
      }
    },
    "cond": {
      "G_test_newm96_i0": {
        "0": 0.4796826243400574,
        "10": 0.4779164791107178,
        "25": 0.47790953516960144,
        "50": 0.4775083363056183,
        "100": 0.47748610377311707,
        "200": 0.47735705971717834
      },
      "G_test_newm96_i1": {
        "0": 0.477992445230484,
        "10": 0.47616487741470337,
        "25": 0.47546297311782837,
        "50": 0.4753018617630005,
        "100": 0.4752553701400757,
        "200": 0.4753292500972748
      },
      "G_test_newm160_i0": {
        "0": 0.11776357144117355,
        "10": 0.11639000475406647,
        "25": 0.11727537214756012,
        "50": 0.11655504256486893,
        "100": 0.11678951233625412,
        "200": 0.11659224331378937
      },
      "G_test_newm160_i1": {
        "0": 0.11620146781206131,
        "10": 0.11586657911539078,
        "25": 0.11532776057720184,
        "50": 0.1153976246714592,
        "100": 0.11526025831699371,
        "200": 0.11514314264059067
      }
    }
  },
  "adapt_seen": {
    "shared": {
      "G_test_seenm64": {
        "0": 0.7415463328361511,
        "10": 0.7403532862663269,
        "25": 0.7402065396308899,
        "50": 0.7407178282737732,
        "100": 0.7398845553398132,
        "200": 0.7398746013641357
      },
      "G_test_seenm128": {
        "0": 0.2580511271953583,
        "10": 0.25809723138809204,
        "25": 0.2584992051124573,
        "50": 0.2581281065940857,
        "100": 0.25817325711250305,
        "200": 0.258046954870224
      },
      "G_test_seenm192": {
        "0": 0.06693998724222183,
        "10": 0.053101494908332825,
        "25": 0.053087033331394196,
        "50": 0.053122833371162415,
        "100": 0.053027376532554626,
        "200": 0.053047794848680496
      }
    },
    "cond": {
      "G_test_seenm64": {
        "0": 0.7396243214607239,
        "10": 0.7407239079475403,
        "25": 0.7402161359786987,
        "50": 0.7401325106620789,
        "100": 0.7397820949554443,
        "200": 0.7397557497024536
      },
      "G_test_seenm128": {
        "0": 0.2585919499397278,
        "10": 0.25809699296951294,
        "25": 0.2585058808326721,
        "50": 0.2581265866756439,
        "100": 0.2580779790878296,
        "200": 0.25830167531967163
      },
      "G_test_seenm192": {
        "0": 0.054016321897506714,
        "10": 0.053121425211429596,
        "25": 0.053085897117853165,
        "50": 0.05312947928905487,
        "100": 0.05299025774002075,
        "200": 0.05312775820493698
      }
    }
  }
}