{
  "Gaussian (control)": {
    "mu": 0.3449670260280282,
    "metrics": {
      "naive_topk": {
        "iou_mean": 0.397253159579011,
        "iou_std": 0.0722266620588525,
        "nrmse_mean": 0.5896250950334045,
        "nrmse_std": 0.09353560376419415
      },
      "omp": {
        "iou_mean": 0.9775824175824175,
        "iou_std": 0.048982399388197595,
        "nrmse_mean": 0.02525198463948185,
        "nrmse_std": 0.050345278341149095
      },
      "oomp": {
        "iou_mean": 0.9821978021978022,
        "iou_std": 0.047221558835839034,
        "nrmse_mean": 0.01886100892427444,
        "nrmse_std": 0.045527803746389615
      },
      "cosamp": {
        "iou_mean": 1.0,
        "iou_std": 0.0,
        "nrmse_mean": 1.839350032683038e-15,
        "nrmse_std": 8.630159436500905e-16
      },
      "iht": {
        "iou_mean": 0.7150695027858377,
        "iou_std": 0.20811750241821836,
        "nrmse_mean": 0.2717671457941881,
        "nrmse_std": 0.20331057368819994
      },
      "oracle": {
        "iou_mean": 1.0,
        "iou_std": 0.0,
        "nrmse_mean": 1.839350032683038e-15,
        "nrmse_std": 8.630159436500905e-16
      }
    }
  },
  "Block-coherent (8 blocks, 0.85)": {
    "mu": 0.8059262858663285,
    "metrics": {
      "naive_topk": {
        "iou_mean": 0.11761995260357237,
        "iou_std": 0.04211091959822853,
        "nrmse_mean": 1.0189325424312135,
        "nrmse_std": 0.07203233504993713
      },
      "omp": {
        "iou_mean": 0.7789581049898068,
        "iou_std": 0.1418550015726643,
        "nrmse_mean": 0.22779022667461724,
        "nrmse_std": 0.15471147405159988
      },
      "oomp": {
        "iou_mean": 0.7584332590452695,
        "iou_std": 0.1975990223666668,
        "nrmse_mean": 0.25963913808718425,
        "nrmse_std": 0.21688020523500084
      },
      "cosamp": {
        "iou_mean": 1.0,
        "iou_std": 0.0,
        "nrmse_mean": 2.076831099884757e-15,
        "nrmse_std": 6.709202055629712e-16
      },
      "iht": {
        "iou_mean": 0.38124663939292414,
        "iou_std": 0.08744404528934901,
        "nrmse_mean": 0.6432424476241262,
        "nrmse_std": 0.12114183177838808
      },
      "oracle": {
        "iou_mean": 1.0,
        "iou_std": 0.0,
        "nrmse_mean": 2.076831099884757e-15,
        "nrmse_std": 6.709202055629712e-16
      }
    }
  },
  "Spike-tail (40 bad pairs, 0.97)": {
    "mu": 0.9700000000000005,
    "metrics": {
      "naive_topk": {
        "iou_mean": 0.35526685698474564,
        "iou_std": 0.07293817926048415,
        "nrmse_mean": 0.8666888575414008,
        "nrmse_std": 0.2080121600869167
      },
      "omp": {
        "iou_mean": 0.8116893340767091,
        "iou_std": 0.09760411329571428,
        "nrmse_mean": 0.4037633023727536,
        "nrmse_std": 0.15719907546016912
      },
      "oomp": {
        "iou_mean": 0.8524773376831218,
        "iou_std": 0.09222839748302299,
        "nrmse_mean": 0.31865476671776694,
        "nrmse_std": 0.1628443861729316
      },
      "cosamp": {
        "iou_mean": 0.987816091954023,
        "iou_std": 0.059964758223711,
        "nrmse_mean": 0.01809304763443022,
        "nrmse_std": 0.089177085861088
      },
      "iht": {
        "iou_mean": 0.6023439717728306,
        "iou_std": 0.1494818759360125,
        "nrmse_mean": 0.4355090679689945,
        "nrmse_std": 0.16222286144953083
      },
      "oracle": {
        "iou_mean": 1.0,
        "iou_std": 0.0,
        "nrmse_mean": 1.8931237374928845e-15,
        "nrmse_std": 8.106575365460001e-16
      }
    }
  }
}