{
  "args": {
    "n": 256,
    "m": 128,
    "k": 25,
    "amp_lo": 0.5,
    "amp_hi": 2.0,
    "T": 30,
    "lam": 0.05,
    "n_fourier": 5,
    "n_gaussian": 5,
    "n_train": 4000,
    "n_test": 500,
    "epochs": 150,
    "ft_epochs": 200,
    "batch_size": 64,
    "lr": 0.001,
    "d_embed": 32,
    "d_model": 32,
    "n_heads": 4,
    "n_layers": 2,
    "d_ff": 64,
    "ft_budgets": [
      0,
      10,
      25,
      50,
      100,
      200,
      500
    ],
    "seed": 42,
    "fourier_seed_base": 100,
    "gaussian_seed_base": 900,
    "device": "cuda",
    "out_dir": "results_exp2_cf"
  },
  "alpha": 0.17043621785866592,
  "sn_max": 5.86729752962043,
  "n_params": {
    "lista": 60,
    "cond_lista": 11260,
    "attn": 16930
  },
  "phase1_refs": {
    "naive_topk_ls": 0.257,
    "lista_zeroshot": 0.327
  },
  "oracle_fourier": 2.079163798555328e-07,
  "oracle_gaussian": 2.1779344378103358e-07,
  "fourier_results": {
    "0": {
      "oracle_nrmse": 2.1018667278838166e-07,
      "ista_topk_nrmse": 0.5893259153366089,
      "lista_nrmse": 0.5163384079933167,
      "cond_lista_nrmse": 0.5169215202331543,
      "attn_no_bias_nrmse": 0.6243706941604614,
      "attn_ata_nrmse": 0.6186915636062622
    },
    "1": {
      "oracle_nrmse": 2.0273223117328598e-07,
      "ista_topk_nrmse": 0.5538864468932152,
      "lista_nrmse": 0.452534019947052,
      "cond_lista_nrmse": 0.45227187871932983,
      "attn_no_bias_nrmse": 0.579918384552002,
      "attn_ata_nrmse": 0.5780008435249329
    },
    "2": {
      "oracle_nrmse": 2.069500525294643e-07,
      "ista_topk_nrmse": 0.5750521239042282,
      "lista_nrmse": 0.4928692877292633,
      "cond_lista_nrmse": 0.4933895468711853,
      "attn_no_bias_nrmse": 0.6041363477706909,
      "attn_ata_nrmse": 0.6000527739524841
    },
    "3": {
      "oracle_nrmse": 2.0907935332559192e-07,
      "ista_topk_nrmse": 0.5954741326570511,
      "lista_nrmse": 0.5294235348701477,
      "cond_lista_nrmse": 0.5299485325813293,
      "attn_no_bias_nrmse": 0.6340911984443665,
      "attn_ata_nrmse": 0.6259560585021973
    },
    "4": {
      "oracle_nrmse": 2.1063358946094013e-07,
      "ista_topk_nrmse": 0.5911955611109734,
      "lista_nrmse": 0.5225241780281067,
      "cond_lista_nrmse": 0.5230775475502014,
      "attn_no_bias_nrmse": 0.6272579431533813,
      "attn_ata_nrmse": 0.6226591467857361
    }
  },
  "gaussian_results": {
    "5": {
      "oracle_nrmse": 2.1193988587242528e-07,
      "ista_topk_nrmse": 0.26204334449783473,
      "lista_nrmse": 0.3264975845813751,
      "cond_lista_nrmse": 0.33429011702537537,
      "attn_no_bias_nrmse": 0.7386944890022278,
      "attn_ata_nrmse": 0.4619484543800354
    },
    "6": {
      "oracle_nrmse": 2.207791790453939e-07,
      "ista_topk_nrmse": 0.26243731617247523,
      "lista_nrmse": 0.32720160484313965,
      "cond_lista_nrmse": 0.3348149061203003,
      "attn_no_bias_nrmse": 0.7418485879898071,
      "attn_ata_nrmse": 0.46469536423683167
    },
    "7": {
      "oracle_nrmse": 2.182734600069125e-07,
      "ista_topk_nrmse": 0.2607754104624043,
      "lista_nrmse": 0.3276674747467041,
      "cond_lista_nrmse": 0.3351736068725586,
      "attn_no_bias_nrmse": 0.7449222803115845,
      "attn_ata_nrmse": 0.4656117558479309
    },
    "8": {
      "oracle_nrmse": 2.1813579789409232e-07,
      "ista_topk_nrmse": 0.27717187238067165,
      "lista_nrmse": 0.33876991271972656,
      "cond_lista_nrmse": 0.34610486030578613,
      "attn_no_bias_nrmse": 0.7522551417350769,
      "attn_ata_nrmse": 0.47537416219711304
    },
    "9": {
      "oracle_nrmse": 2.19838896086344e-07,
      "ista_topk_nrmse": 0.26170754719121064,
      "lista_nrmse": 0.329719603061676,
      "cond_lista_nrmse": 0.337265282869339,
      "attn_no_bias_nrmse": 0.7456341981887817,
      "attn_ata_nrmse": 0.46821680665016174
    }
  },
  "adapt_curves": {
    "lista": {
      "5": {
        "0": 0.3264975845813751,
        "10": 0.26001644134521484,
        "25": 0.259693443775177,
        "50": 0.25959038734436035,
        "100": 0.2588484585285187,
        "200": 0.2586607038974762,
        "500": 0.25867322087287903
      },
      "6": {
        "0": 0.32720160484313965,
        "10": 0.2635500133037567,
        "25": 0.26272279024124146,
        "50": 0.2623620629310608,
        "100": 0.26138103008270264,
        "200": 0.26104941964149475,
        "500": 0.261059433221817
      },
      "7": {
        "0": 0.3276674747467041,
        "10": 0.2619739770889282,
        "25": 0.26238349080085754,
        "50": 0.2621287405490875,
        "100": 0.2614182233810425,
        "200": 0.26129892468452454,
        "500": 0.2612616717815399
      },
      "8": {
        "0": 0.33876991271972656,
        "10": 0.2754422724246979,
        "25": 0.275577187538147,
        "50": 0.27533960342407227,
        "100": 0.27469319105148315,
        "200": 0.27453526854515076,
        "500": 0.27454864978790283
      },
      "9": {
        "0": 0.329719603061676,
        "10": 0.2648219168186188,
        "25": 0.26520490646362305,
        "50": 0.26457637548446655,
        "100": 0.26377996802330017,
        "200": 0.2635057270526886,
        "500": 0.2635291814804077
      }
    },
    "cond_lista": {
      "5": {
        "0": 0.33429011702537537,
        "10": 0.25932860374450684,
        "25": 0.25898608565330505,
        "50": 0.2587904930114746,
        "100": 0.25868403911590576,
        "200": 0.2587287425994873,
        "500": 0.25867608189582825
      },
      "6": {
        "0": 0.3348149061203003,
        "10": 0.2628996670246124,
        "25": 0.26130151748657227,
        "50": 0.26108428835868835,
        "100": 0.2611112594604492,
        "200": 0.26111769676208496,
        "500": 0.26107215881347656
      },
      "7": {
        "0": 0.3351736068725586,
        "10": 0.26151031255722046,
        "25": 0.2615172863006592,
        "50": 0.2613034248352051,
        "100": 0.26135918498039246,
        "200": 0.26146477460861206,
        "500": 0.2613598704338074
      },
      "8": {
        "0": 0.34610486030578613,
        "10": 0.2747579514980316,
        "25": 0.27498722076416016,
        "50": 0.2745601236820221,
        "100": 0.27456334233283997,
        "200": 0.2745802104473114,
        "500": 0.2745046019554138
      },
      "9": {
        "0": 0.337265282869339,
        "10": 0.2638585865497589,
        "25": 0.2642395794391632,
        "50": 0.2636086642742157,
        "100": 0.26362404227256775,
        "200": 0.26349377632141113,
        "500": 0.2635953724384308
      }
    },
    "attn_no_bias": {
      "5": {
        "0": 0.7386944890022278,
        "10": 0.3391471207141876,
        "25": 0.3355017602443695,
        "50": 0.334036260843277,
        "100": 0.33313751220703125,
        "200": 0.3329448997974396,
        "500": 0.33156055212020874
      },
      "6": {
        "0": 0.7418485879898071,
        "10": 0.33754098415374756,
        "25": 0.3362479507923126,
        "50": 0.33546680212020874,
        "100": 0.3348551094532013,
        "200": 0.3345729410648346,
        "500": 0.3342551290988922
      },
      "7": {
        "0": 0.7449222803115845,
        "10": 0.33916980028152466,
        "25": 0.33684951066970825,
        "50": 0.33656954765319824,
        "100": 0.33569228649139404,
        "200": 0.3354109227657318,
        "500": 0.3342137932777405
      },
      "8": {
        "0": 0.7522551417350769,
        "10": 0.3518224060535431,
        "25": 0.3504776060581207,
        "50": 0.349807471036911,
        "100": 0.34864112734794617,
        "200": 0.34881892800331116,
        "500": 0.34747400879859924
      },
      "9": {
        "0": 0.7456341981887817,
        "10": 0.3412782549858093,