{
  "config": {
    "n": 256,
    "m": 128,
    "k": 25,
    "T_ista": 30,
    "lam_ista": 0.05,
    "n_train": 4000,
    "n_test": 500,
    "epochs": 80,
    "n_params": 4609,
    "mu": 0.3528288006782532,
    "mode": "mixed",
    "tail_desc": "Uniform[0, 0.2]",
    "tail_eval": [
      0.0,
      0.05,
      0.1,
      0.2
    ],
    "tag": "mixed",
    "op_seed": 0,
    "init_seed": 42
  },
  "results": {
    "0.0": {
      "naive_topk": {
        "nrmse_mean": 0.6064840268108083,
        "nrmse_std": 0.08286285384795124
      },
      "omp": {
        "nrmse_mean": 0.034733255552408165,
        "nrmse_std": 0.06592918466480881
      },
      "cosamp": {
        "nrmse_mean": 3.39061256775197e-08,
        "nrmse_std": 8.274817716530417e-09
      },
      "learned": {
        "nrmse_mean": 0.11517814427374837,
        "nrmse_std": 0.08947005422972197
      },
      "oracle_topk": {
        "nrmse_mean": 3.39061256775197e-08,
        "nrmse_std": 8.274817716530417e-09
      }
    },
    "0.05": {
      "naive_topk": {
        "nrmse_mean": 0.6219466485409713,
        "nrmse_std": 0.07750269828677077
      },
      "omp": {
        "nrmse_mean": 0.15512386564628225,
        "nrmse_std": 0.05488829754567556
      },
      "cosamp": {
        "nrmse_mean": 0.12952620038095644,
        "nrmse_std": 0.012918399869475851
      },
      "learned": {
        "nrmse_mean": 0.20862247007758,
        "nrmse_std": 0.058463384086863524
      },
      "oracle_topk": {
        "nrmse_mean": 0.12856010660344497,
        "nrmse_std": 0.011384484186536602
      }
    },
    "0.1": {
      "naive_topk": {
        "nrmse_mean": 0.6571463140271051,
        "nrmse_std": 0.07639454106286346
      },
      "omp": {
        "nrmse_mean": 0.338223226675764,
        "nrmse_std": 0.10272250944242742
      },
      "cosamp": {
        "nrmse_mean": 0.2842882137331909,
        "nrmse_std": 0.044117783252738706
      },
      "learned": {
        "nrmse_mean": 0.35022735957188195,
        "nrmse_std": 0.0635527551143498
      },
      "oracle_topk": {
        "nrmse_mean": 0.2500519341535,
        "nrmse_std": 0.01986475277711747
      }
    },
    "0.2": {
      "naive_topk": {
        "nrmse_mean": 0.7631743001887932,
        "nrmse_std": 0.060229557166849225
      },
      "omp": {
        "nrmse_mean": 0.7202076244063306,
        "nrmse_std": 0.11433096141298647
      },
      "cosamp": {
        "nrmse_mean": 0.6358758803397511,
        "nrmse_std": 0.09972972517788052
      },
      "learned": {
        "nrmse_mean": 0.6266498404586535,
        "nrmse_std": 0.0763835143146454
      },
      "oracle_topk": {
        "nrmse_mean": 0.46250212810554636,
        "nrmse_std": 0.03084953853671819
      }
    }
  },
  "wins": [],
  "ties": [
    {
      "tail": 0.2,
      "cosamp": 0.6358758803397511,
      "learned": 0.6266498404586535,
      "rel_pct": 1.4509183578669618
    }
  ]
}