{
  "config": {
    "n": 256,
    "m": 128,
    "k": 25,
    "T_ista": 30,
    "lam_ista": 0.05,
    "n_train": 4000,
    "n_test": 500,
    "epochs": 80,
    "n_params": 4609,
    "mu": 0.3528288006782532,
    "mode": "extended",
    "tail_desc": "Uniform[0.1, 0.4]",
    "tail_eval": [
      0.1,
      0.2,
      0.3,
      0.4
    ],
    "tag": "extended_t01_04"
  },
  "results": {
    "0.1": {
      "naive_topk": {
        "nrmse_mean": 0.6571463141136953,
        "nrmse_std": 0.07639454108328345
      },
      "omp": {
        "nrmse_mean": 0.3382232272629627,
        "nrmse_std": 0.10272251069679153
      },
      "cosamp": {
        "nrmse_mean": 0.2842882141513513,
        "nrmse_std": 0.04411778264643337
      },
      "learned": {
        "nrmse_mean": 0.36468443339777684,
        "nrmse_std": 0.06822070656207511
      },
      "oracle_topk": {
        "nrmse_mean": 0.25005193450391056,
        "nrmse_std": 0.0198647523214148
      }
    },
    "0.2": {
      "naive_topk": {
        "nrmse_mean": 0.763174298642592,
        "nrmse_std": 0.060229556098538514
      },
      "omp": {
        "nrmse_mean": 0.7202076231952718,
        "nrmse_std": 0.11433095936399859
      },
      "cosamp": {
        "nrmse_mean": 0.6358758788794154,
        "nrmse_std": 0.09972972307356354
      },
      "learned": {
        "nrmse_mean": 0.6237621972973302,
        "nrmse_std": 0.07246300336103749
      },
      "oracle_topk": {
        "nrmse_mean": 0.4625021267302834,
        "nrmse_std": 0.030849536038796532
      }
    },
    "0.3": {
      "naive_topk": {
        "nrmse_mean": 0.8566765984499605,
        "nrmse_std": 0.04958073604840768
      },
      "omp": {
        "nrmse_mean": 0.9475294101447782,
        "nrmse_std": 0.09777294825355756
      },
      "cosamp": {
        "nrmse_mean": 0.8790095393808228,
        "nrmse_std": 0.09525902051114825
      },
      "learned": {
        "nrmse_mean": 0.803697761592163,
        "nrmse_std": 0.0657062236348493
      },
      "oracle_topk": {
        "nrmse_mean": 0.6166953428846643,
        "nrmse_std": 0.03501478654831123
      }
    },
    "0.4": {
      "naive_topk": {
        "nrmse_mean": 0.915819965878376,
        "nrmse_std": 0.03870887586450865
      },
      "omp": {
        "nrmse_mean": 1.0474484922552396,
        "nrmse_std": 0.07704287874968796
      },
      "cosamp": {
        "nrmse_mean": 1.0047135182905431,
        "nrmse_std": 0.08067758336980221
      },
      "learned": {
        "nrmse_mean": 0.9083680963087325,
        "nrmse_std": 0.05465131356901688
      },
      "oracle_topk": {
        "nrmse_mean": 0.7196978106670946,
        "nrmse_std": 0.034940220124364846
      }
    }
  },
  "wins": [
    {
      "tail": 0.2,
      "cosamp": 0.6358758788794154,
      "learned": 0.6237621972973302,
      "rel_pct": 1.9050387008598006
    },
    {
      "tail": 0.3,
      "cosamp": 0.8790095393808228,
      "learned": 0.803697761592163,
      "rel_pct": 8.567799826348836
    },
    {
      "tail": 0.4,
      "cosamp": 1.0047135182905431,
      "learned": 0.9083680963087325,
      "rel_pct": 9.589342656176887
    }
  ],
  "ties": []
}