{
  "config": {
    "n": 256,
    "m": 128,
    "k": 25,
    "T_ista": 30,
    "lam_ista": 0.05,
    "n_train": 4000,
    "n_test": 500,
    "epochs": 80,
    "n_params": 4609,
    "mu": 0.3528288006782532,
    "tail_train_max": 0.2,
    "tail_eval": [
      0.0,
      0.05,
      0.1,
      0.2
    ]
  },
  "results": {
    "0.0": {
      "naive_topk": {
        "nrmse_mean": 0.6064840271349107,
        "nrmse_std": 0.08286285521481088
      },
      "omp": {
        "nrmse_mean": 0.03473325538535172,
        "nrmse_std": 0.06592918466200808
      },
      "cosamp": {
        "nrmse_mean": 3.337849071609675e-08,
        "nrmse_std": 8.477517997574202e-09
      },
      "learned": {
        "nrmse_mean": 0.11490177489288163,
        "nrmse_std": 0.08951605846338606
      },
      "oracle_topk": {
        "nrmse_mean": 3.337849071609675e-08,
        "nrmse_std": 8.477517997574202e-09
      }
    },
    "0.05": {
      "naive_topk": {
        "nrmse_mean": 0.621946647868378,
        "nrmse_std": 0.07750269797990764
      },
      "omp": {
        "nrmse_mean": 0.15512386506835385,
        "nrmse_std": 0.054888295657044985
      },
      "cosamp": {
        "nrmse_mean": 0.12952620023968103,
        "nrmse_std": 0.0129184001658629
      },
      "learned": {
        "nrmse_mean": 0.20858455608468746,
        "nrmse_std": 0.05845691591171324
      },
      "oracle_topk": {
        "nrmse_mean": 0.12856010644593785,
        "nrmse_std": 0.011384484063407542
      }
    },
    "0.1": {
      "naive_topk": {
        "nrmse_mean": 0.6571463141136953,
        "nrmse_std": 0.07639454108328345
      },
      "omp": {
        "nrmse_mean": 0.3382232272629627,
        "nrmse_std": 0.10272251069679153
      },
      "cosamp": {
        "nrmse_mean": 0.2842882141513513,
        "nrmse_std": 0.04411778264643337
      },
      "learned": {
        "nrmse_mean": 0.350734644790185,
        "nrmse_std": 0.0635687184424373
      },
      "oracle_topk": {
        "nrmse_mean": 0.25005193450391056,
        "nrmse_std": 0.0198647523214148
      }
    },
    "0.2": {
      "naive_topk": {
        "nrmse_mean": 0.763174298642592,
        "nrmse_std": 0.060229556098538514
      },
      "omp": {
        "nrmse_mean": 0.7202076231952718,
        "nrmse_std": 0.11433095936399859
      },
      "cosamp": {
        "nrmse_mean": 0.6358758788794154,
        "nrmse_std": 0.09972972307356354
      },
      "learned": {
        "nrmse_mean": 0.6267633911552871,
        "nrmse_std": 0.07603912709160275
      },
      "oracle_topk": {
        "nrmse_mean": 0.4625021267302834,
        "nrmse_std": 0.030849536038796532
      }
    }
  },
  "wins": [],
  "ties": [
    {
      "tail": 0.2,
      "cosamp": 0.6358758788794154,
      "learned": 0.6267633911552871,
      "rel_pct": 1.4330607633972487
    }
  ]
}