{
  "config": {
    "n": 256,
    "m": 128,
    "k": 25,
    "n_test": 500,
    "amp_lo": 0.5,
    "amp_hi": 2.0,
    "test_seed": 1041,
    "table1_json": "/Users/taewoonchoi/Desktop/phase_2_sparse_recovery/phase_1/results/ista_comparison_T30_lam0.05.json",
    "table1_json_exists": false
  },
  "fresh_results": {
    "fourier": {
      "CoSaMP": {
        "nrmse_mean": 3.4330122119725986e-08,
        "nrmse_std": 8.054691091525684e-09,
        "iou_mean": 1.0,
        "iou_std": 0.0
      },
      "HTP": {
        "nrmse_mean": 0.09385273731064737,
        "nrmse_std": 0.1511429451477429,
        "iou_mean": 0.9019433923256472,
        "iou_std": 0.1582678063646976
      }
    },
    "gaussian": {
      "CoSaMP": {
        "nrmse_mean": 3.4151975686231884e-08,
        "nrmse_std": 8.133609886511126e-09,
        "iou_mean": 1.0,
        "iou_std": 0.0
      },
      "HTP": {
        "nrmse_mean": 0.3181065341214685,
        "nrmse_std": 0.19419876109238587,
        "iou_mean": 0.6794523600639414,
        "iou_std": 0.1928528227485005
      }
    }
  },
  "table1_comparison_rows": [
    {
      "method": "CoSaMP",
      "fourier_nrmse": 3.4330122119725986e-08,
      "gaussian_nrmse": 3.4151975686231884e-08
    },
    {
      "method": "HTP",
      "fourier_nrmse": 0.09385273731064737,
      "gaussian_nrmse": 0.3181065341214685
    }
  ]
}