{
  "m=96,k=40": {
    "stable_lista_raw": {
      "nrmse_mean": 0.64181205110868,
      "nrmse_se": 0.0011511857607167221,
      "iou_mean": 0.33337091899146676,
      "iou_se": 0.0009817806680928525
    },
    "stable_lista_topk_refit": {
      "nrmse_mean": 0.5275043175855523,
      "nrmse_se": 0.0019193357956787285,
      "iou_mean": 0.33337091899146676,
      "iou_se": 0.0009817806680928525
    }
  },
  "m=96,k=55": {
    "stable_lista_raw": {
      "nrmse_mean": 0.6928203246881683,
      "nrmse_se": 0.0010097955315701373,
      "iou_mean": 0.3196424655503978,
      "iou_se": 0.0007949217526024357
    },
    "stable_lista_topk_refit": {
      "nrmse_mean": 0.6395387898979855,
      "nrmse_se": 0.0017256628008215302,
      "iou_mean": 0.3196424655503978,
      "iou_se": 0.0007949217526024357
    }
  }
}