{
  "T1": {
    "op_seeds": [
      0,
      1,
      2,
      3,
      4
    ],
    "init_seeds": [
      42,
      123,
      7
    ],
    "train_mode": "Unif[0.1, 0.4]",
    "per_tail": {
      "0.1": {
        "cosamp_mean": 0.28476161611820283,
        "learned_mean": 0.3653175769145379,
        "delta_mean_runs": -0.08055596079633513,
        "delta_std_runs": 0.0048101154439970754,
        "delta_min_runs": -0.08918950274972579,
        "delta_max_runs": -0.07474468976538444,
        "delta_per_run": [
          -0.08039621924642547,
          -0.07919699300799994,
          -0.08025859696048891,
          -0.07763214975483308,
          -0.0771732799801085,
          -0.07629860001149794,
          -0.0826967239407965,
          -0.08218856355552606,
          -0.08198367966439028,
          -0.08918950274972579,
          -0.08870556211913212,
          -0.08816755707462529,
          -0.07483985715011016,
          -0.07474468976538444,
          -0.07486743696398244
        ],
        "ci95_lo": -0.08213690732590721,
        "ci95_hi": -0.07905792489744423,
        "n_wins": 0,
        "n_runs": 15
      },
      "0.2": {
        "cosamp_mean": 0.6317736710175148,
        "learned_mean": 0.6229076155921363,
        "delta_mean_runs": 0.008866055425378834,
        "delta_std_runs": 0.0022034186565019456,
        "delta_min_runs": 0.0051359141867900315,
        "delta_max_runs": 0.012113681582085064,
        "delta_per_run": [
          0.012113681582085064,
          0.012063680626761364,
          0.011891673774883323,
          0.009496676204443503,
          0.008659551347714154,
          0.009465524914491591,
          0.00822130417925753,
          0.008105426277599128,
          0.0077294334550278305,
          0.005328852123390126,
          0.005650584556773142,
          0.0051359141867900315,
          0.00894599317341815,
          0.010232696099654442,
          0.009949838878393125
        ],
        "ci95_lo": 0.0071220955069467,
        "ci95_hi": 0.010584777251910427,
        "n_wins": 15,
        "n_runs": 15
      },
      "0.3": {
        "cosamp_mean": 0.8784565310358641,
        "learned_mean": 0.8042904674392323,
        "delta_mean_runs": 0.07416606359663154,
        "delta_std_runs": 0.003318405100865234,
        "delta_min_runs": 0.06769125535247292,
        "delta_max_runs": 0.0783644225689184,
        "delta_per_run": [
          0.07531177778865993,
          0.07498593715332585,
          0.07612729918111161,
          0.07715217087853951,
          0.07723363764786724,
          0.0783644225689184,
          0.07543182735975903,
          0.07510650326589237,
          0.07507000198923831,
          0.0681111720812682,
          0.06783119028869387,
          0.06769125535247292,
          0.07476640214260254,
          0.07413516207163094,
          0.07517219417949259
        ],
        "ci95_lo": 0.07254128573560283,
        "ci95_hi": 0.0758040925456533,
        "n_wins": 15,
        "n_runs": 15
      },
      "0.4": {
        "cosamp_mean": 1.0062925173457482,
        "learned_mean": 0.909089288540167,
        "delta_mean_runs": 0.09720322880558112,
        "delta_std_runs": 0.0033215193794260242,
        "delta_min_runs": 0.09298911134035336,
        "delta_max_runs": 0.10363612098629228,
        "delta_per_run": [
          0.09634542198181076,
          0.09531455411921795,
          0.0958497186941348,
          0.09536248475061215,
          0.09485907530580512,
          0.09546624587937981,
          0.09421903351578281,
          0.09383158721216214,
          0.09298911134035336,
          0.09831092877835246,
          0.09863259379082777,
          0.0974613958350582,
          0.10363612098629228,
          0.10262616711067328,
          0.10314399278325388
        ],
        "ci95_lo": 0.09567174421426673,
        "ci95_hi": 0.09880553273196044,
        "n_wins": 15,
        "n_runs": 15
      }
    }
  },
  "T2": {
    "train_mode": "Unif[0, 0.4]",
    "op_seed": 0,
    "init_seed": 42,
    "per_tail": {
      "0.0": {
        "cosamp_mean": 3.337849071609675e-08,
        "learned_mean": 0.12974285666310578,
        "delta": -0.12974282328461506,
        "ci95_lo": -0.13787888487520822,
        "ci95_hi": -0.12212151042652075
      },
      "0.1": {
        "cosamp_mean": 0.2842882141513513,
        "learned_mean": 0.3559654106504848,
        "delta": -0.07167719649913347,
        "ci95_lo": -0.07735987808029862,
        "ci95_hi": -0.06627903513013231
      },
      "0.2": {
        "cosamp_mean": 0.6358758788794154,
        "learned_mean": 0.6239015228667635,
        "delta": 0.011974356012651842,
        "ci95_lo": 0.005352141098781589,
        "ci95_hi": 0.018177712407261275
      },
      "0.3": {
        "cosamp_mean": 0.8790095393808228,
        "learned_mean": 0.8086621663723356,
        "delta": 0.07034737300848735,
        "ci95_lo": 0.06417776635597504,
        "ci95_hi": 0.07672710728979447
      },
      "0.4": {
        "cosamp_mean": 1.0047135182905431,
        "learned_mean": 0.9169867490984797,
        "delta": 0.0877267691920636,
        "ci95_lo": 0.08164214763024871,
        "ci95_hi": 0.09383905880214113
      }
    }
  }
}