{
  "m=96,k=40": {
    "cosamp": {
      "nrmse_mean": 0.4979000650584105,
      "nrmse_se": 0.0023123810343075152,
      "iou_mean": 0.37264755838839314,
      "iou_se": 0.0013385278062481468
    },
    "ista": {
      "nrmse_mean": 0.343644769846752,
      "nrmse_se": 0.002441039933744579,
      "iou_mean": 0.47544070286565504,
      "iou_se": 0.0015229510041729068
    },
    "fista": {
      "nrmse_mean": 0.23042798193853598,
      "nrmse_se": 0.0029180288545479537,
      "iou_mean": 0.5874732629441143,
      "iou_se": 0.0025364724132467898
    }
  },
  "m=96,k=55": {
    "cosamp": {
      "nrmse_mean": 0.697119222213298,
      "nrmse_se": 0.0017455832828407237,
      "iou_mean": 0.311747040132013,
      "iou_se": 0.0008480748957099655
    },
    "ista": {
      "nrmse_mean": 0.5582765375794889,
      "nrmse_se": 0.002074352832070895,
      "iou_mean": 0.3783520449073461,
      "iou_se": 0.001029744670624275
    },
    "fista": {
      "nrmse_mean": 0.5303828992694356,
      "nrmse_se": 0.0024322157482509236,
      "iou_mean": 0.3989224362469172,
      "iou_se": 0.0012706983919506683
    }
  }
}