{
  "m=96,k=40": {
    "cosamp": {
      "nrmse_mean": 0.4985573277160576,
      "nrmse_se": 0.0023306891329720816,
      "iou_mean": 0.3752543259067996,
      "iou_se": 0.0013500773806590753
    },
    "lamp_raw": {
      "nrmse_mean": 0.4984482525961915,
      "nrmse_se": 0.001559685324396647,
      "iou_mean": 0.4066327136822844,
      "iou_se": 0.001180741326854679
    },
    "lamp_topk_refit": {
      "nrmse_mean": 0.441616874414797,
      "nrmse_se": 0.0020470617559234902,
      "iou_mean": 0.4066327136822844,
      "iou_se": 0.001180741326854679
    },
    "oracle": {
      "nrmse_mean": 5.725137442824125e-08,
      "nrmse_se": 1.7822491851234064e-10,
      "iou_mean": 1.0,
      "iou_se": 0.0
    }
  },
  "m=96,k=55": {
    "cosamp": {
      "nrmse_mean": 0.6993848289864922,
      "nrmse_se": 0.0017470405960688838,
      "iou_mean": 0.31228298509914665,
      "iou_se": 0.0008357527823939374
    },
    "lamp_raw": {
      "nrmse_mean": 0.5832151834079415,
      "nrmse_se": 0.001581803676706784,
      "iou_mean": 0.3642456040425839,
      "iou_se": 0.0009574800472572729
    },
    "lamp_topk_refit": {
      "nrmse_mean": 0.5814045077826555,
      "nrmse_se": 0.001904480688917175,
      "iou_mean": 0.3642456040425839,
      "iou_se": 0.0009574800472572729
    },
    "oracle": {
      "nrmse_mean": 7.990194916004097e-08,
      "nrmse_se": 2.247816721442865e-10,
      "iou_mean": 1.0,
      "iou_se": 0.0
    }
  }
}