{
  "config": {
    "n": 256,
    "m": 128,
    "k": 55,
    "T_ista": 30,
    "lam_ista": 0.05,
    "n_train": 4000,
    "n_test": 500,
    "epochs": 80,
    "n_params": 4609,
    "mu": 0.3528288006782532
  },
  "summary": {
    "naive_topk": {
      "nrmse_mean": 0.7917002295474433,
      "nrmse_std": 0.06092677775934654,
      "iou_mean": 0.32671539075147327,
      "iou_std": 0.039315850212987384
    },
    "omp": {
      "nrmse_mean": 0.9041724952068753,
      "nrmse_std": 0.15266722549944256,
      "iou_mean": 0.34079697963420974,
      "iou_std": 0.08347341667747246
    },
    "cosamp": {
      "nrmse_mean": 0.5534961930584775,
      "nrmse_std": 0.11579904606154541,
      "iou_mean": 0.5402041570271958,
      "iou_std": 0.08819442552522873
    },
    "learned": {
      "nrmse_mean": 0.5941283920409894,
      "nrmse_std": 0.09868200039455789,
      "iou_mean": 0.5081703008057432,
      "iou_std": 0.07265722808858807
    },
    "oracle": {
      "nrmse_mean": 6.275136465768295e-08,
      "nrmse_std": 7.90407559329719e-09,
      "iou_mean": 1.0,
      "iou_std": 0.0
    }
  },
  "verdict": "Beats naive top-k but not CoSaMP. Headroom exists for richer methods."
}