{
  "config": {
    "n": 20,
    "m": 10,
    "k_values": [
      2,
      4,
      6
    ],
    "n_test": 100,
    "seed": 0,
    "max_combos": 50000,
    "noise_std": 0.0,
    "out_prefix": "ceiling_study_small_n_ntest100"
  },
  "interpretation": {
    "exact_l0_succeeds_but_algorithms_fail": "algorithmic headroom",
    "exact_l0_also_fails_or_ambiguous": "possible information/statistical ceiling",
    "oracle_succeeds_but_exact_l0_ambiguous": "privileged support knowledge helps but y alone is ambiguous"
  },
  "by_k": {
    "2": {
      "naive": {
        "nrmse": {
          "mean": 0.41802800286787667,
          "std": 0.35056543203284185
        },
        "iou": {
          "mean": 0.5566666666666668,
          "std": 0.33016830724815355
        },
        "residual": {
          "mean": 0.45541725019646845,
          "std": 0.5211358910867648
        }
      },
      "omp": {
        "nrmse": {
          "mean": 0.13784592210399338,
          "std": 0.37956459078923427
        },
        "iou": {
          "mean": 0.8966666666666666,
          "std": 0.2855598789123648
        },
        "residual": {
          "mean": 0.076591930132194,
          "std": 0.24760761998090725
        }
      },
      "cosamp": {
        "nrmse": {
          "mean": 0.03607010608881127,
          "std": 0.20514556181062663
        },
        "iou": {
          "mean": 0.97,
          "std": 0.1705872210923198
        },
        "residual": {
          "mean": 0.027070937895186272,
          "std": 0.18940882757537142
        }
      },
      "htp": {
        "nrmse": {
          "mean": 0.37906937802082685,
          "std": 0.37218028820745125
        },
        "iou": {
          "mean": 0.6233333333333333,
          "std": 0.3453018003621373
        },
        "residual": {
          "mean": 0.41433333036593223,
          "std": 0.5371508774209993
        }
      },
      "exact_l0": {
        "nrmse": {
          "mean": 3.246972830552439e-16,
          "std": 1.9216026331053062e-16
        },
        "iou": {
          "mean": 1.0,
          "std": 0.0
        },
        "residual": {
          "mean": 4.943260408173961e-31,
          "std": 6.262043211669119e-31
        }
      },
      "oracle": {
        "nrmse": {
          "mean": 3.246972830552439e-16,
          "std": 1.9216026331053062e-16
        },
        "iou": {
          "mean": 1.0,
          "std": 0.0
        },
        "residual": {
          "mean": 4.943260408173961e-31,
          "std": 6.262043211669119e-31
        }
      },
      "exact_l0_info": {
        "n_combinations": 190,
        "skipped": false,
        "ambiguity_gap": {
          "mean": 0.5446304105712594,
          "std": 0.3613335770908141
        }
      }
    },
    "4": {
      "naive": {
        "nrmse": {
          "mean": 0.7047987778743803,
          "std": 0.3285788949110389
        },
        "iou": {
          "mean": 0.38466666666666677,
          "std": 0.1823300687441706
        },
        "residual": {
          "mean": 0.9002230610839536,
          "std": 0.755587464301023
        }
      },
      "omp": {
        "nrmse": {
          "mean": 0.6054155061692521,
          "std": 0.47987761847265287
        },
        "iou": {
          "mean": 0.5403809523809524,
          "std": 0.3540491273545225
        },
        "residual": {
          "mean": 0.18934153734352563,
          "std": 0.22808222448322932
        }
      },
      "cosamp": {
        "nrmse": {
          "mean": 0.3859218305128763,
          "std": 0.4738335561583953
        },
        "iou": {
          "mean": 0.6958095238095237,
          "std": 0.35362924330908496
        },
        "residual": {
          "mean": 0.236413791122475,
          "std": 0.40326948661033807
        }
      },
      "htp": {
        "nrmse": {
          "mean": 0.6664798894596926,
          "std": 0.37094619970458187
        },
        "iou": {
          "mean": 0.42628571428571427,
          "std": 0.2327831024561612
        },
        "residual": {
          "mean": 0.6974917526692799,
          "std": 0.6622204489321172
        }
      },
      "exact_l0": {
        "nrmse": {
          "mean": 7.970122482248137e-16,
          "std": 7.134703652274278e-16
        },
        "iou": {
          "mean": 1.0,
          "std": 0.0
        },
        "residual": {
          "mean": 5.3953993090290466e-30,
          "std": 9.605686010155436e-30
        }
      },
      "oracle": {
        "nrmse": {
          "mean": 7.970122482248137e-16,
          "std": 7.134703652274278e-16
        },
        "iou": {
          "mean": 1.0,
          "std": 0.0
        },
        "residual": {
          "mean": 5.3953993090290466e-30,
          "std": 9.605686010155436e-30
        }
      },
      "exact_l0_info": {
        "n_combinations": 4845,
        "skipped": false,
        "ambiguity_gap": {
          "mean": 0.1456338354131654,
          "std": 0.10596265057094645
        }
      }
    },
    "6": {
      "naive": {
        "nrmse": {
          "mean": 0.8357707084397948,
          "std": 0.2329955093293319
        },
        "iou": {
          "mean": 0.36733766233766246,
          "std": 0.1249738995632568
        },
        "residual": {
          "mean": 0.8423274669863181,
          "std": 0.7535819919725564
        }
      },
      "omp": {
        "nrmse": {
          "mean": 0.8763186865242776,
          "std": 0.3832963252482841
        },
        "iou": {
          "mean": 0.3733549783549784,
          "std": 0.23570708947947236
        },
        "residual": {
          "mean": 0.12557774870142502,
          "std": 0.12502561260575898
        }
      },
      "cosamp": {
        "nrmse": {
          "mean": 0.7218434407137998,
          "std": 0.28527051079801075
        },
        "iou": {
          "mean": 0.4506666666666667,
          "std": 0.19668167820029026
        },
        "residual": {
          "mean": 0.3663971534541571,
          "std": 0.32465012723545345
        }
      },
      "htp": {
        "nrmse": {
          "mean": 0.821006001105402,
          "std": 0.2714811264913516
        },
        "iou": {
          "mean": 0.38525108225108234,
          "std": 0.1508774490401027
        },
        "residual": {
          "mean": 0.5245191633263269,
          "std": 0.5000818192225083
        }
      },
      "exact_l0": {
        "nrmse": {
          "mean": 9.706101279611434e-16,
          "std": 7.222644592034926e-16
        },
        "iou": {
          "mean": 1.0,
          "std": 0.0
        },
        "residual": {
          "mean": 1.3688765672780966e-29,
          "std": 4.459728218815891e-29
        }
      },
      "oracle": {
        "nrmse": {
          "mean": 9.706101279611434e-16,
          "std": 7.222644592034926e-16
        },
        "iou": {
          "mean": 1.0,
          "std": 0.0
        },
        "residual": {
          "mean": 1.3688765672780966e-29,
          "std": 4.459728218815891e-29
        }
      },
      "exact_l0_info": {
        "n_combinations": 38760,
        "skipped": false,
        "ambiguity_gap": {
          "mean": 0.017685537185893045,
          "std": 0.015113597676089698
        }
      }
    }
  }
}