{
  "config": {
    "n": 20,
    "m": 10,
    "k_values": [
      2,
      4,
      6
    ],
    "n_test": 100,
    "seed": 0,
    "max_combos": 50000,
    "noise_std": 0.01,
    "out_prefix": "ceiling_study_small_n_noise001"
  },
  "interpretation": {
    "exact_l0_succeeds_but_algorithms_fail": "algorithmic headroom",
    "exact_l0_also_fails_or_ambiguous": "possible information/statistical ceiling",
    "oracle_succeeds_but_exact_l0_ambiguous": "privileged support knowledge helps but y alone is ambiguous"
  },
  "by_k": {
    "2": {
      "naive": {
        "nrmse": {
          "mean": 0.38720708966721884,
          "std": 0.3795910390384355
        },
        "iou": {
          "mean": 0.62,
          "std": 0.33999999999999997
        },
        "residual": {
          "mean": 0.36633644111310637,
          "std": 0.48500430739101635
        }
      },
      "omp": {
        "nrmse": {
          "mean": 0.20353382147397706,
          "std": 0.437466718231968
        },
        "iou": {
          "mean": 0.8433333333333333,
          "std": 0.3510460558578224
        },
        "residual": {
          "mean": 0.09345138782678063,
          "std": 0.24988920318655988
        }
      },
      "cosamp": {
        "nrmse": {
          "mean": 0.0777016261101161,
          "std": 0.27840218205683853
        },
        "iou": {
          "mean": 0.9433333333333332,
          "std": 0.2263478149515328
        },
        "residual": {
          "mean": 0.01770897319327918,
          "std": 0.07279379917519446
        }
      },
      "htp": {
        "nrmse": {
          "mean": 0.3489758966575178,
          "std": 0.39344190181128236
        },
        "iou": {
          "mean": 0.6766666666666665,
          "std": 0.3478665133511864
        },
        "residual": {
          "mean": 0.31109230676597716,
          "std": 0.48405284501082896
        }
      },
      "exact_l0": {
        "nrmse": {
          "mean": 0.008038316763309435,
          "std": 0.005722177142691124
        },
        "iou": {
          "mean": 1.0,
          "std": 0.0
        },
        "residual": {
          "mean": 0.0007652689850554806,
          "std": 0.0003792414552422659
        }
      },
      "oracle": {
        "nrmse": {
          "mean": 0.008038316763309435,
          "std": 0.005722177142691124
        },
        "iou": {
          "mean": 1.0,
          "std": 0.0
        },
        "residual": {
          "mean": 0.0007652689850554806,
          "std": 0.0003792414552422659
        }
      },
      "exact_l0_info": {
        "n_combinations": 190,
        "skipped": false,
        "ambiguity_gap": {
          "mean": 0.5699751094705225,
          "std": 0.426699346304056
        }
      }
    },
    "4": {
      "naive": {
        "nrmse": {
          "mean": 0.7282868025567055,
          "std": 0.22893304204559298
        },
        "iou": {
          "mean": 0.35390476190476206,
          "std": 0.17071661684003148
        },
        "residual": {
          "mean": 0.8902961350584117,
          "std": 0.6609782408880702
        }
      },
      "omp": {
        "nrmse": {
          "mean": 0.6743805431620737,
          "std": 0.44584648053326337
        },
        "iou": {
          "mean": 0.46714285714285725,
          "std": 0.3311421175882288
        },
        "residual": {
          "mean": 0.2516168500393415,
          "std": 0.2438904716278679
        }
      },
      "cosamp": {
        "nrmse": {
          "mean": 0.3848851593854907,
          "std": 0.40892417195112124
        },
        "iou": {
          "mean": 0.6739999999999998,
          "std": 0.31867314199438174
        },
        "residual": {
          "mean": 0.18664707377767886,
          "std": 0.2630565869099279
        }
      },
      "htp": {
        "nrmse": {
          "mean": 0.6877678193411226,
          "std": 0.2735264480787044
        },
        "iou": {
          "mean": 0.3987619047619049,
          "std": 0.20711014520032084
        },
        "residual": {
          "mean": 0.6443494312315556,
          "std": 0.5810232318229483
        }
      },
      "exact_l0": {
        "nrmse": {
          "mean": 0.009570204372964866,
          "std": 0.004983104490799001
        },
        "iou": {
          "mean": 1.0,
          "std": 0.0
        },
        "residual": {
          "mean": 0.0006398792762026534,
          "std": 0.00035437679759825735
        }
      },
      "oracle": {
        "nrmse": {
          "mean": 0.009570204372964866,
          "std": 0.004983104490799001
        },
        "iou": {
          "mean": 1.0,
          "std": 0.0
        },
        "residual": {
          "mean": 0.0006398792762026534,
          "std": 0.00035437679759825735
        }
      },
      "exact_l0_info": {
        "n_combinations": 4845,
        "skipped": false,
        "ambiguity_gap": {
          "mean": 0.14859175359531604,
          "std": 0.10315338845144024
        }
      }
    },
    "6": {
      "naive": {
        "nrmse": {
          "mean": 0.8032397428218264,
          "std": 0.2562023300117104
        },
        "iou": {
          "mean": 0.3853896103896104,
          "std": 0.16410135010474824
        },
        "residual": {
          "mean": 0.7577419138041815,
          "std": 0.6217440864106036
        }
      },
      "omp": {
        "nrmse": {
          "mean": 0.9476614038539286,
          "std": 0.3452880775737199
        },
        "iou": {
          "mean": 0.30224675324675326,
          "std": 0.17886886099243707
        },
        "residual": {
          "mean": 0.11768914090535045,
          "std": 0.11457570968572162
        }
      },
      "cosamp": {
        "nrmse": {
          "mean": 0.6734986536050837,
          "std": 0.2701265616930327
        },
        "iou": {
          "mean": 0.48096536796536804,
          "std": 0.1994830602648285
        },
        "residual": {
          "mean": 0.3689300722276795,
          "std": 0.3412269841050892
        }
      },
      "htp": {
        "nrmse": {
          "mean": 0.7849584905155227,
          "std": 0.284494304854547
        },
        "iou": {
          "mean": 0.3954502164502165,
          "std": 0.19807214899460862
        },
        "residual": {
          "mean": 0.5704719157515008,
          "std": 0.5964434418893988
        }
      },
      "exact_l0": {
        "nrmse": {
          "mean": 0.010472439506640565,
          "std": 0.004640916739720502
        },
        "iou": {
          "mean": 1.0,
          "std": 0.0
        },
        "residual": {
          "mean": 0.0003891450894833934,
          "std": 0.0002692923115152196
        }
      },
      "oracle": {
        "nrmse": {
          "mean": 0.010472439506640565,
          "std": 0.004640916739720502
        },
        "iou": {
          "mean": 1.0,
          "std": 0.0
        },
        "residual": {
          "mean": 0.0003891450894833934,
          "std": 0.0002692923115152196
        }
      },
      "exact_l0_info": {
        "n_combinations": 38760,
        "skipped": false,
        "ambiguity_gap": {
          "mean": 0.015254315801851553,
          "std": 0.012434957792515272
        }
      }
    }
  }
}