{
  "config": {
    "n": 20,
    "m": 10,
    "k_values": [
      2,
      4,
      6,
      7
    ],
    "n_test": 50,
    "seed": 2,
    "max_combos": 100000,
    "noise_std": 0.0,
    "out_prefix": "ceiling_study_small_n_seed2"
  },
  "interpretation": {
    "exact_l0_succeeds_but_algorithms_fail": "algorithmic headroom",
    "exact_l0_also_fails_or_ambiguous": "possible information/statistical ceiling",
    "oracle_succeeds_but_exact_l0_ambiguous": "privileged support knowledge helps but y alone is ambiguous"
  },
  "by_k": {
    "2": {
      "naive": {
        "nrmse": {
          "mean": 0.38665973311190294,
          "std": 0.35874133111813344
        },
        "iou": {
          "mean": 0.6133333333333334,
          "std": 0.32903900478008175
        },
        "residual": {
          "mean": 0.35531000144313546,
          "std": 0.5086682212881181
        }
      },
      "omp": {
        "nrmse": {
          "mean": 0.12464855050986572,
          "std": 0.35839453930968085
        },
        "iou": {
          "mean": 0.8933333333333334,
          "std": 0.29393876913398137
        },
        "residual": {
          "mean": 0.04066438197779761,
          "std": 0.14992987014260836
        }
      },
      "cosamp": {
        "nrmse": {
          "mean": 2.822392733030331e-16,
          "std": 1.8896145232262147e-16
        },
        "iou": {
          "mean": 1.0,
          "std": 0.0
        },
        "residual": {
          "mean": 3.409615338280427e-31,
          "std": 4.0896817536076825e-31
        }
      },
      "htp": {
        "nrmse": {
          "mean": 0.37058755894891,
          "std": 0.36645624746540656
        },
        "iou": {
          "mean": 0.6399999999999999,
          "std": 0.332264954516723
        },
        "residual": {
          "mean": 0.33792097696696954,
          "std": 0.5106530487685946
        }
      },
      "exact_l0": {
        "nrmse": {
          "mean": 2.822392733030331e-16,
          "std": 1.8896145232262147e-16
        },
        "iou": {
          "mean": 1.0,
          "std": 0.0
        },
        "residual": {
          "mean": 3.409615338280427e-31,
          "std": 4.0896817536076825e-31
        }
      },
      "oracle": {
        "nrmse": {
          "mean": 2.822392733030331e-16,
          "std": 1.8896145232262147e-16
        },
        "iou": {
          "mean": 1.0,
          "std": 0.0
        },
        "residual": {
          "mean": 3.409615338280427e-31,
          "std": 4.0896817536076825e-31
        }
      },
      "exact_l0_info": {
        "n_combinations": 190,
        "skipped": false,
        "ambiguity_gap": {
          "mean": 0.4874166245446689,
          "std": 0.37906987403514036
        }
      }
    },
    "4": {
      "naive": {
        "nrmse": {
          "mean": 0.7014312662493215,
          "std": 0.26033816509559776
        },
        "iou": {
          "mean": 0.38171428571428573,
          "std": 0.1850252418889229
        },
        "residual": {
          "mean": 0.9283667116309069,
          "std": 0.6405444118753981
        }
      },
      "omp": {
        "nrmse": {
          "mean": 0.6038966278289014,
          "std": 0.4778081274912984
        },
        "iou": {
          "mean": 0.54,
          "std": 0.3414534758799157
        },
        "residual": {
          "mean": 0.2005840253022517,
          "std": 0.2151801575580925
        }
      },
      "cosamp": {
        "nrmse": {
          "mean": 0.3812520723592342,
          "std": 0.5263708709558206
        },
        "iou": {
          "mean": 0.7045714285714287,
          "std": 0.3632181181611735
        },
        "residual": {
          "mean": 0.21951409767349608,
          "std": 0.3679930721295618
        }
      },
      "htp": {
        "nrmse": {
          "mean": 0.6503885668843523,
          "std": 0.32274269908345465
        },
        "iou": {
          "mean": 0.45333333333333337,
          "std": 0.24315388033878776
        },
        "residual": {
          "mean": 0.731804533915427,
          "std": 0.6560274503016712
        }
      },
      "exact_l0": {
        "nrmse": {
          "mean": 9.143683031312534e-16,
          "std": 1.6279313960310204e-15
        },
        "iou": {
          "mean": 1.0,
          "std": 0.0
        },
        "residual": {
          "mean": 1.0922387646091402e-29,
          "std": 3.7985081314124624e-29
        }
      },
      "oracle": {
        "nrmse": {
          "mean": 9.143683031312534e-16,
          "std": 1.6279313960310204e-15
        },
        "iou": {
          "mean": 1.0,
          "std": 0.0
        },
        "residual": {
          "mean": 1.0922387646091402e-29,
          "std": 3.7985081314124624e-29
        }
      },
      "exact_l0_info": {
        "n_combinations": 4845,
        "skipped": false,
        "ambiguity_gap": {
          "mean": 0.17459497137425214,
          "std": 0.1083059478166275
        }
      }
    },
    "6": {
      "naive": {
        "nrmse": {
          "mean": 0.8473349283989209,
          "std": 0.28831796345375654
        },
        "iou": {
          "mean": 0.3972380952380952,
          "std": 0.1513239830489701
        },
        "residual": {
          "mean": 0.7413408343101315,
          "std": 0.5494193223760506
        }
      },
      "omp": {
        "nrmse": {
          "mean": 0.9668875196981012,
          "std": 0.3449371480650496
        },
        "iou": {
          "mean": 0.32634632034632033,
          "std": 0.19707096031692778
        },
        "residual": {
          "mean": 0.12255649467813104,
          "std": 0.12928259982596424
        }
      },
      "cosamp": {
        "nrmse": {
          "mean": 0.670815900973989,
          "std": 0.27572858925031746
        },
        "iou": {
          "mean": 0.4933419913419914,
          "std": 0.20439016785795508
        },
        "residual": {
          "mean": 0.43182213991617824,
          "std": 0.3631054466894487
        }
      },
      "htp": {
        "nrmse": {
          "mean": 0.8514874364503473,
          "std": 0.29095670718616595
        },
        "iou": {
          "mean": 0.3933419913419913,
          "std": 0.16232221317540993
        },
        "residual": {
          "mean": 0.5760357045567228,
          "std": 0.468380986535846
        }
      },
      "exact_l0": {
        "nrmse": {
          "mean": 1.0288811667920189e-15,
          "std": 9.531554068686525e-16
        },
        "iou": {
          "mean": 1.0,
          "std": 0.0
        },
        "residual": {
          "mean": 1.7346612690311542e-29,
          "std": 4.760873829249474e-29
        }
      },
      "oracle": {
        "nrmse": {
          "mean": 1.0288811667920189e-15,
          "std": 9.531554068686525e-16
        },
        "iou": {
          "mean": 1.0,
          "std": 0.0
        },
        "residual": {
          "mean": 1.7346612690311542e-29,
          "std": 4.760873829249474e-29
        }
      },
      "exact_l0_info": {
        "n_combinations": 38760,
        "skipped": false,
        "ambiguity_gap": {
          "mean": 0.01717962380850474,
          "std": 0.014135939476182111
        }
      }
    },
    "7": {
      "naive": {
        "nrmse": {
          "mean": 0.9526671722608137,
          "std": 0.4314106326873366
        },
        "iou": {
          "mean": 0.3931414141414142,
          "std": 0.135988300885618
        },
        "residual": {
          "mean": 0.5319675069326678,
          "std": 0.38399173784890983
        }
      },
      "omp": {
        "nrmse": {
          "mean": 0.9870757413363336,
          "std": 0.28318802233953366
        },
        "iou": {
          "mean": 0.28992540792540794,
          "std": 0.14718767319771722
        },
        "residual": {
          "mean": 0.0560056849832324,
          "std": 0.09240834577498128
        }
      },
      "cosamp": {
        "nrmse": {
          "mean": 0.782391566812225,
          "std": 0.30707598253615753
        },