{
  "config": {
    "n": 20,
    "m": 10,
    "k_values": [
      2,
      4,
      6,
      7
    ],
    "n_test": 50,
    "seed": 3,
    "max_combos": 100000,
    "noise_std": 0.0,
    "out_prefix": "ceiling_study_small_n_seed3"
  },
  "interpretation": {
    "exact_l0_succeeds_but_algorithms_fail": "algorithmic headroom",
    "exact_l0_also_fails_or_ambiguous": "possible information/statistical ceiling",
    "oracle_succeeds_but_exact_l0_ambiguous": "privileged support knowledge helps but y alone is ambiguous"
  },
  "by_k": {
    "2": {
      "naive": {
        "nrmse": {
          "mean": 0.33277924352860894,
          "std": 0.33277553551027045
        },
        "iou": {
          "mean": 0.64,
          "std": 0.332264954516723
        },
        "residual": {
          "mean": 0.4088648726549981,
          "std": 0.4842082907882759
        }
      },
      "omp": {
        "nrmse": {
          "mean": 0.04389403340624632,
          "std": 0.2198521820084194
        },
        "iou": {
          "mean": 0.9666666666666667,
          "std": 0.16666666666666666
        },
        "residual": {
          "mean": 0.02912547522144826,
          "std": 0.14306964006536377
        }
      },
      "cosamp": {
        "nrmse": {
          "mean": 0.037954862411712385,
          "std": 0.1966148770495955
        },
        "iou": {
          "mean": 0.9666666666666666,
          "std": 0.16666666666666666
        },
        "residual": {
          "mean": 0.023072054800498093,
          "std": 0.1397641296011833
        }
      },
      "htp": {
        "nrmse": {
          "mean": 0.2957049859530478,
          "std": 0.34179606794861955
        },
        "iou": {
          "mean": 0.6933333333333332,
          "std": 0.332264954516723
        },
        "residual": {
          "mean": 0.36464961528042505,
          "std": 0.49206810798976186
        }
      },
      "exact_l0": {
        "nrmse": {
          "mean": 3.63387716263503e-16,
          "std": 1.7808319633721157e-16
        },
        "iou": {
          "mean": 1.0,
          "std": 0.0
        },
        "residual": {
          "mean": 5.872726631363496e-31,
          "std": 6.001759903122778e-31
        }
      },
      "oracle": {
        "nrmse": {
          "mean": 3.63387716263503e-16,
          "std": 1.7808319633721157e-16
        },
        "iou": {
          "mean": 1.0,
          "std": 0.0
        },
        "residual": {
          "mean": 5.872726631363496e-31,
          "std": 6.001759903122778e-31
        }
      },
      "exact_l0_info": {
        "n_combinations": 190,
        "skipped": false,
        "ambiguity_gap": {
          "mean": 0.7083356128652202,
          "std": 0.4737408247555782
        }
      }
    },
    "4": {
      "naive": {
        "nrmse": {
          "mean": 0.6380195810990366,
          "std": 0.2716356477672984
        },
        "iou": {
          "mean": 0.41161904761904766,
          "std": 0.18107554705563256
        },
        "residual": {
          "mean": 0.730207274214291,
          "std": 0.5251274213952103
        }
      },
      "omp": {
        "nrmse": {
          "mean": 0.4344541805415792,
          "std": 0.4958905763419499
        },
        "iou": {
          "mean": 0.6460952380952381,
          "std": 0.39397438824637354
        },
        "residual": {
          "mean": 0.1521067185898698,
          "std": 0.24710558872858338
        }
      },
      "cosamp": {
        "nrmse": {
          "mean": 0.41350074830473593,
          "std": 0.4214431296899839
        },
        "iou": {
          "mean": 0.6436190476190475,
          "std": 0.34521459361715645
        },
        "residual": {
          "mean": 0.22848723900206871,
          "std": 0.35309180228565923
        }
      },
      "htp": {
        "nrmse": {
          "mean": 0.5449458509739739,
          "std": 0.3584135361357195
        },
        "iou": {
          "mean": 0.5102857142857142,
          "std": 0.28620966578561885
        },
        "residual": {
          "mean": 0.5399820993647122,
          "std": 0.5579412851266288
        }
      },
      "exact_l0": {
        "nrmse": {
          "mean": 7.361869477398352e-16,
          "std": 6.840135216830506e-16
        },
        "iou": {
          "mean": 1.0,
          "std": 0.0
        },
        "residual": {
          "mean": 5.952256215705101e-30,
          "std": 1.9088798719266106e-29
        }
      },
      "oracle": {
        "nrmse": {
          "mean": 7.361869477398352e-16,
          "std": 6.840135216830506e-16
        },
        "iou": {
          "mean": 1.0,
          "std": 0.0
        },
        "residual": {
          "mean": 5.952256215705101e-30,
          "std": 1.9088798719266106e-29
        }
      },
      "exact_l0_info": {
        "n_combinations": 4845,
        "skipped": false,
        "ambiguity_gap": {
          "mean": 0.1812454499448539,
          "std": 0.13299197802101534
        }
      }
    },
    "6": {
      "naive": {
        "nrmse": {
          "mean": 0.7042103784301937,
          "std": 0.20807015475737747
        },
        "iou": {
          "mean": 0.3974372294372294,
          "std": 0.125661439287827
        },
        "residual": {
          "mean": 0.9313263035459408,
          "std": 0.683695329696075
        }
      },
      "omp": {
        "nrmse": {
          "mean": 0.9462786596614694,
          "std": 0.3408034380124913
        },
        "iou": {
          "mean": 0.30264935064935067,
          "std": 0.20123383286605803
        },
        "residual": {
          "mean": 0.11820140262754024,
          "std": 0.12119950228384892
        }
      },
      "cosamp": {
        "nrmse": {
          "mean": 0.6092262477126948,
          "std": 0.28522063149944316
        },
        "iou": {
          "mean": 0.492008658008658,
          "std": 0.2259307352671599
        },
        "residual": {
          "mean": 0.35203312250519436,
          "std": 0.2876509437319748
        }
      },
      "htp": {
        "nrmse": {
          "mean": 0.6912979621095624,
          "std": 0.2750324966505526
        },
        "iou": {
          "mean": 0.45353246753246756,
          "std": 0.1650194330355105
        },
        "residual": {
          "mean": 0.45933226377137537,
          "std": 0.4305092207089588
        }
      },
      "exact_l0": {
        "nrmse": {
          "mean": 1.0127364983962574e-15,
          "std": 8.13928988333098e-16
        },
        "iou": {
          "mean": 1.0,
          "std": 0.0
        },
        "residual": {
          "mean": 1.6323801837462193e-29,
          "std": 4.2263281366263747e-29
        }
      },
      "oracle": {
        "nrmse": {
          "mean": 1.0127364983962574e-15,
          "std": 8.13928988333098e-16
        },
        "iou": {
          "mean": 1.0,
          "std": 0.0
        },
        "residual": {
          "mean": 1.6323801837462193e-29,
          "std": 4.2263281366263747e-29
        }
      },
      "exact_l0_info": {
        "n_combinations": 38760,
        "skipped": false,
        "ambiguity_gap": {
          "mean": 0.02113032340767311,
          "std": 0.017503876116279217
        }
      }
    },
    "7": {
      "naive": {
        "nrmse": {
          "mean": 0.8437430161172675,
          "std": 0.21044831345272902
        },
        "iou": {
          "mean": 0.38788189588189587,
          "std": 0.13366600326112554
        },
        "residual": {
          "mean": 0.673973042789578,
          "std": 0.5590580811051581
        }
      },
      "omp": {
        "nrmse": {
          "mean": 0.9535298291757147,
          "std": 0.289782306596106
        },
        "iou": {
          "mean": 0.3283869463869463,
          "std": 0.16091691389997614
        },
        "residual": {
          "mean": 0.0446328817357403,
          "std": 0.09567025727861621
        }
      },
      "cosamp": {
        "nrmse": {
          "mean": 0.7498204670596773,