{
  "config": {
    "n": 20,
    "m": 10,
    "k_values": [
      2,
      4,
      6,
      7
    ],
    "n_test": 50,
    "seed": 0,
    "max_combos": 100000,
    "noise_std": 0.0,
    "out_prefix": "ceiling_study_small_n_k7"
  },
  "interpretation": {
    "exact_l0_succeeds_but_algorithms_fail": "algorithmic headroom",
    "exact_l0_also_fails_or_ambiguous": "possible information/statistical ceiling",
    "oracle_succeeds_but_exact_l0_ambiguous": "privileged support knowledge helps but y alone is ambiguous"
  },
  "by_k": {
    "2": {
      "naive": {
        "nrmse": {
          "mean": 0.42199952470693475,
          "std": 0.3465258056866828
        },
        "iou": {
          "mean": 0.5333333333333334,
          "std": 0.3265986323710905
        },
        "residual": {
          "mean": 0.4395566731715833,
          "std": 0.46190001991527657
        }
      },
      "omp": {
        "nrmse": {
          "mean": 0.15998569813541014,
          "std": 0.40391972334934606
        },
        "iou": {
          "mean": 0.88,
          "std": 0.3037542866638538
        },
        "residual": {
          "mean": 0.06854734375746259,
          "std": 0.20689087270710582
        }
      },
      "cosamp": {
        "nrmse": {
          "mean": 0.04763492942735791,
          "std": 0.23340303668256346
        },
        "iou": {
          "mean": 0.96,
          "std": 0.19595917942265428
        },
        "residual": {
          "mean": 0.04607224984770474,
          "std": 0.26045821917391165
        }
      },
      "htp": {
        "nrmse": {
          "mean": 0.3686474601303319,
          "std": 0.3762664035296149
        },
        "iou": {
          "mean": 0.6266666666666667,
          "std": 0.3504917180825311
        },
        "residual": {
          "mean": 0.3857765117813626,
          "std": 0.48483084169653584
        }
      },
      "exact_l0": {
        "nrmse": {
          "mean": 3.159376063161223e-16,
          "std": 1.8217660905764548e-16
        },
        "iou": {
          "mean": 1.0,
          "std": 0.0
        },
        "residual": {
          "mean": 4.403827950180485e-31,
          "std": 5.309893295244059e-31
        }
      },
      "oracle": {
        "nrmse": {
          "mean": 3.159376063161223e-16,
          "std": 1.8217660905764548e-16
        },
        "iou": {
          "mean": 1.0,
          "std": 0.0
        },
        "residual": {
          "mean": 4.403827950180485e-31,
          "std": 5.309893295244059e-31
        }
      },
      "exact_l0_info": {
        "n_combinations": 190,
        "skipped": false,
        "ambiguity_gap": {
          "mean": 0.48213383430592566,
          "std": 0.3326996539398663
        }
      }
    },
    "4": {
      "naive": {
        "nrmse": {
          "mean": 0.7275709815796435,
          "std": 0.21841222210876332
        },
        "iou": {
          "mean": 0.3660952380952381,
          "std": 0.16376699337141729
        },
        "residual": {
          "mean": 0.945689382183362,
          "std": 0.6740079769374238
        }
      },
      "omp": {
        "nrmse": {
          "mean": 0.48815283930185843,
          "std": 0.4623672211898938
        },
        "iou": {
          "mean": 0.604952380952381,
          "std": 0.333709936914478
        },
        "residual": {
          "mean": 0.14536637911343536,
          "std": 0.1824880222383024
        }
      },
      "cosamp": {
        "nrmse": {
          "mean": 0.3167200473785583,
          "std": 0.36001939010902895
        },
        "iou": {
          "mean": 0.7123809523809524,
          "std": 0.30695047500257816
        },
        "residual": {
          "mean": 0.20082053445348463,
          "std": 0.2730312776684721
        }
      },
      "htp": {
        "nrmse": {
          "mean": 0.641306768859028,
          "std": 0.33181410578319986
        },
        "iou": {
          "mean": 0.4617142857142857,
          "std": 0.26600762098437836
        },
        "residual": {
          "mean": 0.6088827117403949,
          "std": 0.5629421795388854
        }
      },
      "exact_l0": {
        "nrmse": {
          "mean": 6.61450039182424e-16,
          "std": 4.35812216462658e-16
        },
        "iou": {
          "mean": 1.0,
          "std": 0.0
        },
        "residual": {
          "mean": 4.089146254243888e-30,
          "std": 8.128465114918685e-30
        }
      },
      "oracle": {
        "nrmse": {
          "mean": 6.61450039182424e-16,
          "std": 4.35812216462658e-16
        },
        "iou": {
          "mean": 1.0,
          "std": 0.0
        },
        "residual": {
          "mean": 4.089146254243888e-30,
          "std": 8.128465114918685e-30
        }
      },
      "exact_l0_info": {
        "n_combinations": 4845,
        "skipped": false,
        "ambiguity_gap": {
          "mean": 0.14577788290464547,
          "std": 0.10936698562232754
        }
      }
    },
    "6": {
      "naive": {
        "nrmse": {
          "mean": 0.8051124166642208,
          "std": 0.21513487000923082
        },
        "iou": {
          "mean": 0.36743722943722945,
          "std": 0.1331804455996525
        },
        "residual": {
          "mean": 0.892835635746779,
          "std": 0.6695804973585383
        }
      },
      "omp": {
        "nrmse": {
          "mean": 0.8631882009690411,
          "std": 0.2980678213173951
        },
        "iou": {
          "mean": 0.3585800865800865,
          "std": 0.19523608795197772
        },
        "residual": {
          "mean": 0.12508398096536225,
          "std": 0.10074976657769992
        }
      },
      "cosamp": {
        "nrmse": {
          "mean": 0.6182700605366089,
          "std": 0.33997163933438385
        },
        "iou": {
          "mean": 0.5575238095238095,
          "std": 0.2415855411570509
        },
        "residual": {
          "mean": 0.3906263301716583,
          "std": 0.35876888899602244
        }
      },
      "htp": {
        "nrmse": {
          "mean": 0.7547352466191473,
          "std": 0.22141752799879053
        },
        "iou": {
          "mean": 0.4062943722943723,
          "std": 0.17554945155096244
        },
        "residual": {
          "mean": 0.5363556114177771,
          "std": 0.5300337707777587
        }
      },
      "exact_l0": {
        "nrmse": {
          "mean": 1.2281572885711758e-15,
          "std": 2.3057456834972385e-15
        },
        "iou": {
          "mean": 1.0,
          "std": 0.0
        },
        "residual": {
          "mean": 9.705022916239718e-30,
          "std": 1.9912788283654043e-29
        }
      },
      "oracle": {
        "nrmse": {
          "mean": 1.2281572885711758e-15,
          "std": 2.3057456834972385e-15
        },
        "iou": {
          "mean": 1.0,
          "std": 0.0
        },
        "residual": {
          "mean": 9.705022916239718e-30,
          "std": 1.9912788283654043e-29
        }
      },
      "exact_l0_info": {
        "n_combinations": 38760,
        "skipped": false,
        "ambiguity_gap": {
          "mean": 0.01845565242231783,
          "std": 0.013934465102142914
        }
      }
    },
    "7": {
      "naive": {
        "nrmse": {
          "mean": 0.8934397876546263,
          "std": 0.21006473867292796
        },
        "iou": {
          "mean": 0.336929292929293,
          "std": 0.12311837089447299
        },
        "residual": {
          "mean": 0.5188099452645039,
          "std": 0.38055468031077144
        }
      },
      "omp": {
        "nrmse": {
          "mean": 0.9908453343875206,
          "std": 0.26561414796436017
        },
        "iou": {
          "mean": 0.3116923076923077,
          "std": 0.14372119856839757
        },
        "residual": {
          "mean": 0.04912958512090384,
          "std": 0.06576185231034208
        }
      },
      "cosamp": {
        "nrmse": {
          "mean": 0.8127181420943868,
          "std": 0.2818046611995215
        },