{
  "config": {
    "n": 20,
    "m": 10,
    "k_values": [
      2,
      4,
      6
    ],
    "n_test": 20,
    "seed": 0,
    "max_combos": 50000,
    "noise_std": 0.0,
    "out_prefix": "ceiling_study_small_n"
  },
  "interpretation": {
    "exact_l0_succeeds_but_algorithms_fail": "algorithmic headroom",
    "exact_l0_also_fails_or_ambiguous": "possible information/statistical ceiling",
    "oracle_succeeds_but_exact_l0_ambiguous": "privileged support knowledge helps but y alone is ambiguous"
  },
  "by_k": {
    "2": {
      "naive": {
        "nrmse": {
          "mean": 0.3880235879109156,
          "std": 0.372509372685092
        },
        "iou": {
          "mean": 0.5833333333333334,
          "std": 0.3476108935769035
        },
        "residual": {
          "mean": 0.29884971753496886,
          "std": 0.32132102212180835
        }
      },
      "omp": {
        "nrmse": {
          "mean": 0.11384911124879127,
          "std": 0.35326797448454594
        },
        "iou": {
          "mean": 0.9166666666666666,
          "std": 0.2554951619459315
        },
        "residual": {
          "mean": 0.02850684628417046,
          "std": 0.09983367549603642
        }
      },
      "cosamp": {
        "nrmse": {
          "mean": 3.2003041670215236e-16,
          "std": 1.3865287976727082e-16
        },
        "iou": {
          "mean": 1.0,
          "std": 0.0
        },
        "residual": {
          "mean": 4.349965557703773e-31,
          "std": 4.1705603411385945e-31
        }
      },
      "htp": {
        "nrmse": {
          "mean": 0.3880235879109156,
          "std": 0.372509372685092
        },
        "iou": {
          "mean": 0.5833333333333334,
          "std": 0.3476108935769035
        },
        "residual": {
          "mean": 0.29884971753496886,
          "std": 0.32132102212180835
        }
      },
      "exact_l0": {
        "nrmse": {
          "mean": 3.2003041670215236e-16,
          "std": 1.3865287976727082e-16
        },
        "iou": {
          "mean": 1.0,
          "std": 0.0
        },
        "residual": {
          "mean": 4.349965557703773e-31,
          "std": 4.1705603411385945e-31
        }
      },
      "oracle": {
        "nrmse": {
          "mean": 3.2003041670215236e-16,
          "std": 1.3865287976727082e-16
        },
        "iou": {
          "mean": 1.0,
          "std": 0.0
        },
        "residual": {
          "mean": 4.349965557703773e-31,
          "std": 4.1705603411385945e-31
        }
      },
      "exact_l0_info": {
        "n_combinations": 190,
        "skipped": false,
        "ambiguity_gap": {
          "mean": 0.48157986179829654,
          "std": 0.27420311872268405
        }
      }
    },
    "4": {
      "naive": {
        "nrmse": {
          "mean": 0.7785344512247445,
          "std": 0.20855269643764046
        },
        "iou": {
          "mean": 0.31619047619047613,
          "std": 0.1457982951105494
        },
        "residual": {
          "mean": 1.0992325635291442,
          "std": 0.5337946070010069
        }
      },
      "omp": {
        "nrmse": {
          "mean": 0.6159120242685455,
          "std": 0.4580086559729915
        },
        "iou": {
          "mean": 0.5247619047619047,
          "std": 0.3570209315687686
        },
        "residual": {
          "mean": 0.2676873785602204,
          "std": 0.2927131488110979
        }
      },
      "cosamp": {
        "nrmse": {
          "mean": 0.4355929550137773,
          "std": 0.4624676329138322
        },
        "iou": {
          "mean": 0.6619047619047618,
          "std": 0.34216199369885136
        },
        "residual": {
          "mean": 0.29575994706732156,
          "std": 0.4471829065106523
        }
      },
      "htp": {
        "nrmse": {
          "mean": 0.7030173633649068,
          "std": 0.3176492098162337
        },
        "iou": {
          "mean": 0.39238095238095233,
          "std": 0.24636311530036084
        },
        "residual": {
          "mean": 0.8666551766455284,
          "std": 0.633055843933651
        }
      },
      "exact_l0": {
        "nrmse": {
          "mean": 6.755725914571509e-16,
          "std": 4.0762730546253417e-16
        },
        "iou": {
          "mean": 1.0,
          "std": 0.0
        },
        "residual": {
          "mean": 4.763655309758151e-30,
          "std": 7.196899845420571e-30
        }
      },
      "oracle": {
        "nrmse": {
          "mean": 6.755725914571509e-16,
          "std": 4.0762730546253417e-16
        },
        "iou": {
          "mean": 1.0,
          "std": 0.0
        },
        "residual": {
          "mean": 4.763655309758151e-30,
          "std": 7.196899845420571e-30
        }
      },
      "exact_l0_info": {
        "n_combinations": 4845,
        "skipped": false,
        "ambiguity_gap": {
          "mean": 0.1779141779325182,
          "std": 0.10487001138160731
        }
      }
    },
    "6": {
      "naive": {
        "nrmse": {
          "mean": 0.8551285808900179,
          "std": 0.24514141956840566
        },
        "iou": {
          "mean": 0.3869264069264069,
          "std": 0.14525932580746054
        },
        "residual": {
          "mean": 0.6753597670768345,
          "std": 0.5932111443002364
        }
      },
      "omp": {
        "nrmse": {
          "mean": 0.948201478980628,
          "std": 0.3484231518137299
        },
        "iou": {
          "mean": 0.3117316017316017,
          "std": 0.17598970127678448
        },
        "residual": {
          "mean": 0.09441417917626097,
          "std": 0.0895463053184969
        }
      },
      "cosamp": {
        "nrmse": {
          "mean": 0.7365544384191816,
          "std": 0.2855291337603385
        },
        "iou": {
          "mean": 0.47285714285714286,
          "std": 0.2068339239797078
        },
        "residual": {
          "mean": 0.2541486600525638,
          "std": 0.2157602295922364
        }
      },
      "htp": {
        "nrmse": {
          "mean": 0.8676967553388405,
          "std": 0.27301616583868826
        },
        "iou": {
          "mean": 0.39764069264069263,
          "std": 0.16032591727128923
        },
        "residual": {
          "mean": 0.44569501597251915,
          "std": 0.3908672736955098
        }
      },
      "exact_l0": {
        "nrmse": {
          "mean": 1.0232808144928167e-15,
          "std": 7.552310941863992e-16
        },
        "iou": {
          "mean": 1.0,
          "std": 0.0
        },
        "residual": {
          "mean": 1.5377857271152098e-29,
          "std": 2.87225080263872e-29
        }
      },
      "oracle": {
        "nrmse": {
          "mean": 1.0232808144928167e-15,
          "std": 7.552310941863992e-16
        },
        "iou": {
          "mean": 1.0,
          "std": 0.0
        },
        "residual": {
          "mean": 1.5377857271152098e-29,
          "std": 2.87225080263872e-29
        }
      },
      "exact_l0_info": {
        "n_combinations": 38760,
        "skipped": false,
        "ambiguity_gap": {
          "mean": 0.012694853663349978,
          "std": 0.010626692056314758
        }
      }
    }
  }
}