{
  "config": {
    "n": 20,
    "m": 10,
    "k_values": [
      2,
      4,
      6,
      7
    ],
    "n_test": 50,
    "seed": 1,
    "max_combos": 100000,
    "noise_std": 0.0,
    "out_prefix": "ceiling_study_small_n_seed1"
  },
  "interpretation": {
    "exact_l0_succeeds_but_algorithms_fail": "algorithmic headroom",
    "exact_l0_also_fails_or_ambiguous": "possible information/statistical ceiling",
    "oracle_succeeds_but_exact_l0_ambiguous": "privileged support knowledge helps but y alone is ambiguous"
  },
  "by_k": {
    "2": {
      "naive": {
        "nrmse": {
          "mean": 0.40206299098505466,
          "std": 0.3687640914473865
        },
        "iou": {
          "mean": 0.6,
          "std": 0.34641016151377546
        },
        "residual": {
          "mean": 0.3135599078598948,
          "std": 0.3789978112008263
        }
      },
      "omp": {
        "nrmse": {
          "mean": 0.12305355835702518,
          "std": 0.35646790427147823
        },
        "iou": {
          "mean": 0.8933333333333333,
          "std": 0.29393876913398137
        },
        "residual": {
          "mean": 0.0718186398362743,
          "std": 0.2618194081249308
        }
      },
      "cosamp": {
        "nrmse": {
          "mean": 0.09751804684836304,
          "std": 0.3358628207420208
        },
        "iou": {
          "mean": 0.9266666666666665,
          "std": 0.25201410895247733
        },
        "residual": {
          "mean": 0.02226905128317247,
          "std": 0.07934188837476563
        }
      },
      "htp": {
        "nrmse": {
          "mean": 0.40206299098505466,
          "std": 0.3687640914473865
        },
        "iou": {
          "mean": 0.6,
          "std": 0.34641016151377546
        },
        "residual": {
          "mean": 0.3135599078598948,
          "std": 0.3789978112008263
        }
      },
      "exact_l0": {
        "nrmse": {
          "mean": 2.7122358518951426e-16,
          "std": 1.705006186226236e-16
        },
        "iou": {
          "mean": 1.0,
          "std": 0.0
        },
        "residual": {
          "mean": 3.0400416823254036e-31,
          "std": 2.8857268846970003e-31
        }
      },
      "oracle": {
        "nrmse": {
          "mean": 2.7122358518951426e-16,
          "std": 1.705006186226236e-16
        },
        "iou": {
          "mean": 1.0,
          "std": 0.0
        },
        "residual": {
          "mean": 3.0400416823254036e-31,
          "std": 2.8857268846970003e-31
        }
      },
      "exact_l0_info": {
        "n_combinations": 190,
        "skipped": false,
        "ambiguity_gap": {
          "mean": 0.47122025649167254,
          "std": 0.3937168884293199
        }
      }
    },
    "4": {
      "naive": {
        "nrmse": {
          "mean": 0.7482320639618141,
          "std": 0.22181967304775801
        },
        "iou": {
          "mean": 0.33980952380952373,
          "std": 0.17221449474288303
        },
        "residual": {
          "mean": 0.9447631148994671,
          "std": 0.5724637665948625
        }
      },
      "omp": {
        "nrmse": {
          "mean": 0.7097690980414474,
          "std": 0.47487110808919647
        },
        "iou": {
          "mean": 0.4706666666666667,
          "std": 0.3414951253457663
        },
        "residual": {
          "mean": 0.22489024822697826,
          "std": 0.21436760011615835
        }
      },
      "cosamp": {
        "nrmse": {
          "mean": 0.3429171317176722,
          "std": 0.47380612413281875
        },
        "iou": {
          "mean": 0.7205714285714285,
          "std": 0.36704920057978396
        },
        "residual": {
          "mean": 0.21638750733384784,
          "std": 0.3937184558972829
        }
      },
      "htp": {
        "nrmse": {
          "mean": 0.6939798149535348,
          "std": 0.2822039218223651
        },
        "iou": {
          "mean": 0.3992380952380952,
          "std": 0.21597715508653773
        },
        "residual": {
          "mean": 0.7114791496595265,
          "std": 0.4883721390833584
        }
      },
      "exact_l0": {
        "nrmse": {
          "mean": 1.0722368375331367e-15,
          "std": 2.391014228879668e-15
        },
        "iou": {
          "mean": 1.0,
          "std": 0.0
        },
        "residual": {
          "mean": 1.3412524003808914e-29,
          "std": 5.872664851326135e-29
        }
      },
      "oracle": {
        "nrmse": {
          "mean": 1.0722368375331367e-15,
          "std": 2.391014228879668e-15
        },
        "iou": {
          "mean": 1.0,
          "std": 0.0
        },
        "residual": {
          "mean": 1.3412524003808914e-29,
          "std": 5.872664851326135e-29
        }
      },
      "exact_l0_info": {
        "n_combinations": 4845,
        "skipped": false,
        "ambiguity_gap": {
          "mean": 0.15328124873428695,
          "std": 0.0958183503883261
        }
      }
    },
    "6": {
      "naive": {
        "nrmse": {
          "mean": 0.9498153140676322,
          "std": 0.2524482789813941
        },
        "iou": {
          "mean": 0.3179220779220779,
          "std": 0.12162872131240754
        },
        "residual": {
          "mean": 0.8996390863486206,
          "std": 0.7093088708183999
        }
      },
      "omp": {
        "nrmse": {
          "mean": 0.895000874652043,
          "std": 0.3015841275510004
        },
        "iou": {
          "mean": 0.34137662337662333,
          "std": 0.18007182527800725
        },
        "residual": {
          "mean": 0.1457805689192009,
          "std": 0.12596086820501246
        }
      },
      "cosamp": {
        "nrmse": {
          "mean": 0.6772686268159676,
          "std": 0.32482856306675956
        },
        "iou": {
          "mean": 0.4924848484848485,
          "std": 0.22965500993123247
        },
        "residual": {
          "mean": 0.35724444992192794,
          "std": 0.32128060944088843
        }
      },
      "htp": {
        "nrmse": {
          "mean": 0.9662929214866726,
          "std": 0.26612434644397415
        },
        "iou": {
          "mean": 0.31907359307359306,
          "std": 0.12729140864750596
        },
        "residual": {
          "mean": 0.7434602528057996,
          "std": 0.6781360351438855
        }
      },
      "exact_l0": {
        "nrmse": {
          "mean": 1.1097650759261535e-15,
          "std": 1.0806678657699648e-15
        },
        "iou": {
          "mean": 1.0,
          "std": 0.0
        },
        "residual": {
          "mean": 1.880735831571002e-29,
          "std": 5.16203764853123e-29
        }
      },
      "oracle": {
        "nrmse": {
          "mean": 1.1097650759261535e-15,
          "std": 1.0806678657699648e-15
        },
        "iou": {
          "mean": 1.0,
          "std": 0.0
        },
        "residual": {
          "mean": 1.880735831571002e-29,
          "std": 5.16203764853123e-29
        }
      },
      "exact_l0_info": {
        "n_combinations": 38760,
        "skipped": false,
        "ambiguity_gap": {
          "mean": 0.014269002020265289,
          "std": 0.00847013872612036
        }
      }
    },
    "7": {
      "naive": {
        "nrmse": {
          "mean": 1.0596439632421712,
          "std": 0.32532848867302516
        },
        "iou": {
          "mean": 0.3471818181818182,
          "std": 0.12656054106246978
        },
        "residual": {
          "mean": 0.707877782838259,
          "std": 0.5500828379995661
        }
      },
      "omp": {
        "nrmse": {
          "mean": 1.0026575857347892,
          "std": 0.3032123497709298
        },
        "iou": {
          "mean": 0.3067933177933178,
          "std": 0.1636881591820919
        },
        "residual": {
          "mean": 0.061092198445963385,
          "std": 0.06855254002589309
        }
      },
      "cosamp": {
        "nrmse": {
          "mean": 0.7876840202163139,