{
  "config": {
    "n": 256,
    "m": 96,
    "k": 55,
    "n_train_per_family": 400,
    "n_test_per_family": 200,
    "seed": 0,
    "noise_std": 0.0,
    "block_size": 5,
    "cluster_radius": 3,
    "max_iters": 30,
    "out_prefix": "learned_structured_prior_m96_k55"
  },
  "families": [
    "iid_sparse",
    "block_sparse",
    "cluster_sparse",
    "markov_sparse"
  ],
  "methods": [
    "naive",
    "cosamp",
    "smoothed_topk",
    "block_score_topk",
    "learned_structured",
    "oracle"
  ],
  "summary": {
    "iid_sparse": {
      "naive": {
        "nrmse": {
          "mean": 0.9348206144313348,
          "std": 0.0741880790406935,
          "median": 0.9373073081363598
        },
        "iou": {
          "mean": 0.2834713655103483,
          "std": 0.04184526897776129,
          "median": 0.27906976744186046
        },
        "precision": {
          "mean": 0.4400909090909091,
          "std": 0.0501995192759571,
          "median": 0.43636363636363634
        },
        "recall": {
          "mean": 0.4400909090909091,
          "std": 0.0501995192759571,
          "median": 0.43636363636363634
        }
      },
      "cosamp": {
        "nrmse": {
          "mean": 0.8254354576134526,
          "std": 0.0870184657386023,
          "median": 0.8254596392852729
        },
        "iou": {
          "mean": 0.3622960322532313,
          "std": 0.061183111622630716,
          "median": 0.35802469135802467
        },
        "precision": {
          "mean": 0.5289999999999999,
          "std": 0.06447749303003349,
          "median": 0.5272727272727272
        },
        "recall": {
          "mean": 0.5289999999999999,
          "std": 0.06447749303003349,
          "median": 0.5272727272727272
        }
      },
      "smoothed_topk": {
        "nrmse": {
          "mean": 1.162197268117997,
          "std": 0.10239260917102991,
          "median": 1.153592851414475
        },
        "iou": {
          "mean": 0.17161791138214397,
          "std": 0.03483167569858594,
          "median": 0.1702127659574468
        },
        "precision": {
          "mean": 0.29145454545454547,
          "std": 0.05064574745758217,
          "median": 0.2909090909090909
        },
        "recall": {
          "mean": 0.29145454545454547,
          "std": 0.05064574745758217,
          "median": 0.2909090909090909
        }
      },
      "block_score_topk": {
        "nrmse": {
          "mean": 1.1162940836938007,
          "std": 0.09397752554438794,
          "median": 1.1065896945558027
        },
        "iou": {
          "mean": 0.18408407492304557,
          "std": 0.035157045606167746,
          "median": 0.1827956989247312
        },
        "precision": {
          "mean": 0.3094545454545454,
          "std": 0.049758424678101314,
          "median": 0.3090909090909091
        },
        "recall": {
          "mean": 0.3094545454545454,
          "std": 0.049758424678101314,
          "median": 0.3090909090909091
        }
      },
      "learned_structured": {
        "nrmse": {
          "mean": 0.9392941839477683,
          "std": 0.07808538287744245,
          "median": 0.9415220892963468
        },
        "iou": {
          "mean": 0.27922376939302906,
          "std": 0.04508973743653192,
          "median": 0.27906976744186046
        },
        "precision": {
          "mean": 0.43463636363636354,
          "std": 0.05441188190608722,
          "median": 0.43636363636363634
        },
        "recall": {
          "mean": 0.43463636363636354,
          "std": 0.05441188190608722,
          "median": 0.43636363636363634
        }
      },
      "oracle": {
        "nrmse": {
          "mean": 2.113383691133529e-15,
          "std": 4.745729648929525e-16,
          "median": 2.0194797582869123e-15
        },
        "iou": {
          "mean": 1.0,
          "std": 0.0,
          "median": 1.0
        },
        "precision": {
          "mean": 1.0,
          "std": 0.0,
          "median": 1.0
        },
        "recall": {
          "mean": 1.0,
          "std": 0.0,
          "median": 1.0
        }
      }
    },
    "block_sparse": {
      "naive": {
        "nrmse": {
          "mean": 0.9295191992836481,
          "std": 0.07508910448881845,
          "median": 0.9201023115217243
        },
        "iou": {
          "mean": 0.28197611342641105,
          "std": 0.03911735020521494,
          "median": 0.27906976744186046
        },
        "precision": {
          "mean": 0.43845454545454543,
          "std": 0.04769661352914648,
          "median": 0.43636363636363634
        },
        "recall": {
          "mean": 0.43845454545454543,
          "std": 0.04769661352914648,
          "median": 0.43636363636363634
        }
      },
      "cosamp": {
        "nrmse": {
          "mean": 0.8436823062746545,
          "std": 0.07570368464145746,
          "median": 0.8408081118300238
        },
        "iou": {
          "mean": 0.353408182820469,
          "std": 0.05630244307204013,
          "median": 0.34146341463414637
        },
        "precision": {
          "mean": 0.5197272727272727,
          "std": 0.06071958307329721,
          "median": 0.509090909090909
        },
        "recall": {
          "mean": 0.5197272727272727,
          "std": 0.06071958307329721,
          "median": 0.509090909090909
        }
      },
      "smoothed_topk": {
        "nrmse": {
          "mean": 0.9095267399436421,
          "std": 0.11399900961942094,
          "median": 0.9070905689398787
        },
        "iou": {
          "mean": 0.400223880140457,
          "std": 0.0763839311077133,
          "median": 0.3924050632911392
        },
        "precision": {
          "mean": 0.5674545454545455,
          "std": 0.07734413812616532,
          "median": 0.5636363636363636
        },
        "recall": {
          "mean": 0.5674545454545455,
          "std": 0.07734413812616532,
          "median": 0.5636363636363636
        }
      },
      "block_score_topk": {
        "nrmse": {
          "mean": 0.7732399140678732,
          "std": 0.1450731802590288,
          "median": 0.7833711758493569
        },
        "iou": {
          "mean": 0.521518431731667,
          "std": 0.12145201747540749,
          "median": 0.4666666666666667
        },
        "precision": {
          "mean": 0.6772727272727275,
          "std": 0.10395087841844794,
          "median": 0.6363636363636364
        },
        "recall": {
          "mean": 0.6772727272727275,
          "std": 0.10395087841844794,
          "median": 0.6363636363636364
        }
      },
      "learned_structured": {
        "nrmse": {
          "mean": 0.7901390787452789,
          "std": 0.1278743151446009,
          "median": 0.8059125858908667
        },
        "iou": {
          "mean": 0.5100293482248724,
          "std": 0.1118944137902636,
          "median": 0.4864864864864865
        },
        "precision": {
          "mean": 0.6683636363636364,
          "std": 0.0970684345796075,
          "median": 0.6545454545454545
        },
        "recall": {
          "mean": 0.6683636363636364,
          "std": 0.0970684345796075,
          "median": 0.6545454545454545
        }
      },
      "oracle": {
        "nrmse": {
          "mean": 2.078552701330222e-15,
          "std": 4.610999380225414e-16,
          "median": 1.971497743745268e-15
        },
        "iou": {
          "mean": 1.0,
          "std": 0.0,
          "median": 1.0
        },
        "precision": {
          "mean": 1.0,
          "std": 0.0,
          "median": 1.0
        },
        "recall": {
          "mean": 1.0,
          "std": 0.0,
          "median": 1.0
        }
      }
    },
    "cluster_sparse": {
      "naive": {
        "nrmse": {
          "mean": 0.9289938000714,
          "std": 0.07123486593956357,
          "median": 0.919188015757253
        },
        "iou": {
          "mean": 0.28347267725847125,
          "std": 0.038054380749089955,