{
  "config": {
    "n": 256,
    "m": 96,
    "k": 40,
    "n_train_per_family": 400,
    "n_test_per_family": 200,
    "seed": 0,
    "noise_std": 0.0,
    "block_size": 5,
    "cluster_radius": 3,
    "max_iters": 30,
    "out_prefix": "learned_structured_prior_m96_k40"
  },
  "families": [
    "iid_sparse",
    "block_sparse",
    "cluster_sparse",
    "markov_sparse"
  ],
  "methods": [
    "naive",
    "cosamp",
    "smoothed_topk",
    "block_score_topk",
    "learned_structured",
    "oracle"
  ],
  "summary": {
    "iid_sparse": {
      "naive": {
        "nrmse": {
          "mean": 0.8300597712848128,
          "std": 0.06821382968641367,
          "median": 0.8310012695420834
        },
        "iou": {
          "mean": 0.28508526543219637,
          "std": 0.046844848723218466,
          "median": 0.2903225806451613
        },
        "precision": {
          "mean": 0.441625,
          "std": 0.05652861554115756,
          "median": 0.45
        },
        "recall": {
          "mean": 0.441625,
          "std": 0.05652861554115756,
          "median": 0.45
        }
      },
      "cosamp": {
        "nrmse": {
          "mean": 0.6565494603065792,
          "std": 0.1567944766351238,
          "median": 0.6582031329210073
        },
        "iou": {
          "mean": 0.4591955925774561,
          "std": 0.12224874485186168,
          "median": 0.45454545454545453
        },
        "precision": {
          "mean": 0.619875,
          "std": 0.11399828671958187,
          "median": 0.625
        },
        "recall": {
          "mean": 0.619875,
          "std": 0.11399828671958187,
          "median": 0.625
        }
      },
      "smoothed_topk": {
        "nrmse": {
          "mean": 1.0659915851903405,
          "std": 0.08591403867426971,
          "median": 1.071440844625072
        },
        "iou": {
          "mean": 0.1445377137640765,
          "std": 0.039522993799130025,
          "median": 0.14285714285714285
        },
        "precision": {
          "mean": 0.25050000000000006,
          "std": 0.059997916630496424,
          "median": 0.25
        },
        "recall": {
          "mean": 0.25050000000000006,
          "std": 0.059997916630496424,
          "median": 0.25
        }
      },
      "block_score_topk": {
        "nrmse": {
          "mean": 1.0198880065985139,
          "std": 0.07306936458261584,
          "median": 1.0121687182388313
        },
        "iou": {
          "mean": 0.16343286281224073,
          "std": 0.03388707256163652,
          "median": 0.15942028985507245
        },
        "precision": {
          "mean": 0.2795,
          "std": 0.04979708826829135,
          "median": 0.275
        },
        "recall": {
          "mean": 0.2795,
          "std": 0.04979708826829135,
          "median": 0.275
        }
      },
      "learned_structured": {
        "nrmse": {
          "mean": 0.8415470223312644,
          "std": 0.06764113173622106,
          "median": 0.8419948719400099
        },
        "iou": {
          "mean": 0.27711424801020534,
          "std": 0.04552283358290655,
          "median": 0.2698412698412698
        },
        "precision": {
          "mean": 0.43199999999999994,
          "std": 0.05534889339453861,
          "median": 0.425
        },
        "recall": {
          "mean": 0.43199999999999994,
          "std": 0.05534889339453861,
          "median": 0.425
        }
      },
      "oracle": {
        "nrmse": {
          "mean": 1.8789314737683022e-15,
          "std": 4.996816565306879e-16,
          "median": 1.7671323991458888e-15
        },
        "iou": {
          "mean": 1.0,
          "std": 0.0,
          "median": 1.0
        },
        "precision": {
          "mean": 1.0,
          "std": 0.0,
          "median": 1.0
        },
        "recall": {
          "mean": 1.0,
          "std": 0.0,
          "median": 1.0
        }
      }
    },
    "block_sparse": {
      "naive": {
        "nrmse": {
          "mean": 0.8321199427735715,
          "std": 0.06929469313064342,
          "median": 0.8329275905117817
        },
        "iou": {
          "mean": 0.28543413452022814,
          "std": 0.046034054909595064,
          "median": 0.2903225806451613
        },
        "precision": {
          "mean": 0.44212500000000005,
          "std": 0.05537246043838038,
          "median": 0.45
        },
        "recall": {
          "mean": 0.44212500000000005,
          "std": 0.05537246043838038,
          "median": 0.45
        }
      },
      "cosamp": {
        "nrmse": {
          "mean": 0.6657508487495225,
          "std": 0.17027572073221706,
          "median": 0.6763645791039491
        },
        "iou": {
          "mean": 0.4478964497326528,
          "std": 0.1262576643142044,
          "median": 0.42857142857142855
        },
        "precision": {
          "mean": 0.608625,
          "std": 0.11609795163998372,
          "median": 0.6
        },
        "recall": {
          "mean": 0.608625,
          "std": 0.11609795163998372,
          "median": 0.6
        }
      },
      "smoothed_topk": {
        "nrmse": {
          "mean": 0.7471020846549021,
          "std": 0.10658524662910898,
          "median": 0.7563341528374412
        },
        "iou": {
          "mean": 0.44557391826023773,
          "std": 0.08830451731427653,
          "median": 0.42857142857142855
        },
        "precision": {
          "mean": 0.611375,
          "std": 0.08365843875545372,
          "median": 0.6
        },
        "recall": {
          "mean": 0.611375,
          "std": 0.08365843875545372,
          "median": 0.6
        }
      },
      "block_score_topk": {
        "nrmse": {
          "mean": 0.5883311299009848,
          "std": 0.17299850374458595,
          "median": 0.6135781418687642
        },
        "iou": {
          "mean": 0.5942020202020202,
          "std": 0.14779131789637162,
          "median": 0.6
        },
        "precision": {
          "mean": 0.735,
          "std": 0.11357816691600547,
          "median": 0.75
        },
        "recall": {
          "mean": 0.735,
          "std": 0.11357816691600547,
          "median": 0.75
        }
      },
      "learned_structured": {
        "nrmse": {
          "mean": 0.5977814399634401,
          "std": 0.1405242862478945,
          "median": 0.6076675278611412
        },
        "iou": {
          "mean": 0.5861795261947895,
          "std": 0.12947375840743786,
          "median": 0.6
        },
        "precision": {
          "mean": 0.73075,
          "std": 0.10300819142184761,
          "median": 0.75
        },
        "recall": {
          "mean": 0.73075,
          "std": 0.10300819142184761,
          "median": 0.75
        }
      },
      "oracle": {
        "nrmse": {
          "mean": 1.9051404625601806e-15,
          "std": 5.255415612178678e-16,
          "median": 1.7679662511171048e-15
        },
        "iou": {
          "mean": 1.0,
          "std": 0.0,
          "median": 1.0
        },
        "precision": {
          "mean": 1.0,
          "std": 0.0,
          "median": 1.0
        },
        "recall": {
          "mean": 1.0,
          "std": 0.0,
          "median": 1.0
        }
      }
    },
    "cluster_sparse": {
      "naive": {
        "nrmse": {
          "mean": 0.8305760337201714,
          "std": 0.06673249717698683,
          "median": 0.8332064118377753
        },
        "iou": {
          "mean": 0.28534375592808586,
          "std": 0.04774481440201001,
          "median": 0.2903225806451613
        },
        "precision": {
          "mean": 0.441875,
          "std": 0.057224202703052146,
          "median": 0.45
        },
        "recall": {
          "mean": 0.441875,
          "std": 0.057224202703052146,
          "median": 0.45
        }
      },
      "cosamp": {
        "nrmse": {
          "mean": 0.6452385740283088,
          "std": 0.1656026489706866,
          "median": 0.6627612233852651
        },