{
  "config": {
    "n": 256,
    "m": 96,
    "k": 55,
    "block_size": 5,
    "n_train": 1000,
    "n_test": 300,
    "seed": 2,
    "noise_std": 0.0,
    "max_iters": 30,
    "refine_iters": 1,
    "out_prefix": "iterative_learned_block_refinement_m96_k55_seed2_iter1"
  },
  "methods": [
    "naive",
    "cosamp",
    "block_score_topk",
    "learned_block_scorer",
    "iterative_refinement",
    "oracle"
  ],
  "summary": {
    "naive": {
      "nrmse": {
        "mean": 0.9224344158216684,
        "std": 0.07944426936691656,
        "median": 0.915157809748917
      },
      "iou": {
        "mean": 0.2905019359693059,
        "std": 0.04004278889645841,
        "median": 0.29411764705882354
      },
      "precision": {
        "mean": 0.44872727272727275,
        "std": 0.048004591148658494,
        "median": 0.45454545454545453
      },
      "recall": {
        "mean": 0.44872727272727275,
        "std": 0.048004591148658494,
        "median": 0.45454545454545453
      },
      "support_size": {
        "mean": 55.0,
        "std": 0.0,
        "median": 55.0
      }
    },
    "cosamp": {
      "nrmse": {
        "mean": 0.8204243693307166,
        "std": 0.07737694135509673,
        "median": 0.8271484992165897
      },
      "iou": {
        "mean": 0.3664078922359128,
        "std": 0.05573149735707059,
        "median": 0.35802469135802467
      },
      "precision": {
        "mean": 0.5338787878787877,
        "std": 0.059672168359861666,
        "median": 0.5272727272727272
      },
      "recall": {
        "mean": 0.5338787878787877,
        "std": 0.059672168359861666,
        "median": 0.5272727272727272
      },
      "support_size": {
        "mean": 55.0,
        "std": 0.0,
        "median": 55.0
      }
    },
    "block_score_topk": {
      "nrmse": {
        "mean": 0.7599845342323323,
        "std": 0.13636107996529565,
        "median": 0.7630646559760575
      },
      "iou": {
        "mean": 0.5348558560176206,
        "std": 0.1086922336340362,
        "median": 0.5714285714285714
      },
      "precision": {
        "mean": 0.6903030303030303,
        "std": 0.09423998827603017,
        "median": 0.7272727272727273
      },
      "recall": {
        "mean": 0.6903030303030303,
        "std": 0.09423998827603017,
        "median": 0.7272727272727273
      },
      "support_size": {
        "mean": 55.0,
        "std": 0.0,
        "median": 55.0
      }
    },
    "learned_block_scorer": {
      "nrmse": {
        "mean": 0.7642107890032768,
        "std": 0.1282225861457352,
        "median": 0.7688670057425298
      },
      "iou": {
        "mean": 0.5276505123416888,
        "std": 0.1100386624497623,
        "median": 0.5714285714285714
      },
      "precision": {
        "mean": 0.683939393939394,
        "std": 0.09575517833592652,
        "median": 0.7272727272727273
      },
      "recall": {
        "mean": 0.683939393939394,
        "std": 0.09575517833592652,
        "median": 0.7272727272727273
      },
      "support_size": {
        "mean": 55.0,
        "std": 0.0,
        "median": 55.0
      }
    },
    "iterative_refinement": {
      "nrmse": {
        "mean": 0.4280140114837737,
        "std": 0.2590958676450084,
        "median": 0.4452201268558037
      },
      "iou": {
        "mean": 0.7706031746031746,
        "std": 0.15955314870008686,
        "median": 0.8333333333333334
      },
      "precision": {
        "mean": 0.8609090909090908,
        "std": 0.10637140608762229,
        "median": 0.9090909090909091
      },
      "recall": {
        "mean": 0.8609090909090908,
        "std": 0.10637140608762229,
        "median": 0.9090909090909091
      },
      "support_size": {
        "mean": 55.0,
        "std": 0.0,
        "median": 55.0
      }
    },
    "oracle": {
      "nrmse": {
        "mean": 1.9994510632278496e-15,
        "std": 3.7339635148963443e-16,
        "median": 1.912994427518946e-15
      },
      "iou": {
        "mean": 1.0,
        "std": 0.0,
        "median": 1.0
      },
      "precision": {
        "mean": 1.0,
        "std": 0.0,
        "median": 1.0
      },
      "recall": {
        "mean": 1.0,
        "std": 0.0,
        "median": 1.0
      },
      "support_size": {
        "mean": 55.0,
        "std": 0.0,
        "median": 55.0
      }
    }
  },
  "interpretation": "iterative_refinement starts from learned block probabilities and performs residual-based merge-refit-prune refinement."
}