{
  "m96_k40": {
    "n_seeds": 3,
    "methods": {
      "naive": {
        "nrmse_mean": 0.8289293211100853,
        "nrmse_std": 0.0015969758703937675,
        "nrmse_se": 0.0009220144486611786,
        "iou_mean": 0.2886018166555201,
        "iou_std": 0.001630282793248422,
        "iou_se": 0.0009412442095371916,
        "nrmse_values": [
          0.8266917587020954,
          0.8303135900702815,
          0.829782614557879
        ],
        "iou_values": [
          0.2907517999128239,
          0.28680577580945804,
          0.28824787424427833
        ]
      },
      "cosamp": {
        "nrmse_mean": 0.6634723992280455,
        "nrmse_std": 0.009105773530577451,
        "nrmse_se": 0.00525722079905866,
        "iou_mean": 0.45086428367333165,
        "iou_std": 0.007799537367210285,
        "iou_se": 0.004503064998513403,
        "nrmse_values": [
          0.6508605285784995,
          0.6675248469392315,
          0.6720318221664052
        ],
        "iou_values": [
          0.4614230143958633,
          0.44834790200013996,
          0.44282193462399166
        ]
      },
      "block_score_topk": {
        "nrmse_mean": 0.5787339810760203,
        "nrmse_std": 0.009418175023217549,
        "nrmse_se": 0.005437585884929662,
        "iou_mean": 0.6109515669515669,
        "iou_std": 0.005573980832579172,
        "iou_se": 0.0032181393341473995,
        "nrmse_values": [
          0.5702829858819266,
          0.5740438440168022,
          0.5918751133293321
        ],
        "iou_values": [
          0.6171882931882932,
          0.6120082880082879,
          0.6036581196581197
        ]
      },
      "learned_block_scorer": {
        "nrmse_mean": 0.5828557558357402,
        "nrmse_std": 0.012665379863538002,
        "nrmse_se": 0.007312360473602532,
        "iou_mean": 0.6069049962383296,
        "iou_std": 0.01054687054745909,
        "iou_se": 0.006089238549683642,
        "nrmse_values": [
          0.5750059331955509,
          0.5728378201000951,
          0.6007235142115745
        ],
        "iou_values": [
          0.6132371332371332,
          0.6154343434343434,
          0.592043512043512
        ]
      },
      "one_step_refinement": {
        "nrmse_mean": 0.0948382075167228,
        "nrmse_std": 0.017133012408136493,
        "nrmse_se": 0.009891749325866802,
        "iou_mean": 0.937705948372615,
        "iou_std": 0.011880967874935025,
        "iou_se": 0.006859480000827033,
        "nrmse_values": [
          0.07753271839885333,
          0.08880421635734646,
          0.11817768779396862
        ],
        "iou_values": [
          0.9503299663299662,
          0.940996632996633,
          0.9217912457912458
        ]
      },
      "fixed_iterative_refinement": {
        "nrmse_mean": 0.2215209569696451,
        "nrmse_std": 0.011358264166827128,
        "nrmse_se": 0.006557696874244523,
        "iou_mean": 0.8679955106621772,
        "iou_std": 0.006353480535161258,
        "iou_se": 0.0036681836972664,
        "nrmse_values": [
          0.2168101208064788,
          0.21057707941920334,
          0.23717567068325318
        ],
        "iou_values": [
          0.8719595959595957,
          0.872996632996633,
          0.8590303030303029
        ]
      },
      "adaptive_refinement": {
        "nrmse_mean": 0.06328720037117841,
        "nrmse_std": 0.006752913425638722,
        "nrmse_se": 0.0038987963841067546,
        "iou_mean": 0.9587115600448936,
        "iou_std": 0.004776322106796611,
        "iou_se": 0.002757610854095384,
        "nrmse_values": [
          0.054336460555015516,
          0.06487883101247881,
          0.07064630954604088
        ],
        "iou_values": [
          0.9651851851851854,
          0.9571447811447812,
          0.9538047138047138
        ]
      },
      "oracle": {
        "nrmse_mean": 1.8509520573513236e-15,
        "nrmse_std": 2.1698609149809027e-17,
        "nrmse_se": 1.252769783368272e-17,
        "iou_mean": 1.0,
        "iou_std": 0.0,
        "iou_se": 0.0,
        "nrmse_values": [
          1.832214690437398e-15,
          1.881366590028595e-15,
          1.839274891587978e-15
        ],
        "iou_values": [
          1.0,
          1.0,
          1.0
        ]
      }
    }
  },
  "m96_k55": {
    "n_seeds": 3,
    "methods": {
      "naive": {
        "nrmse_mean": 0.9257125494134555,
        "nrmse_std": 0.005103813072258723,
        "nrmse_se": 0.0029466878511621047,
        "iou_mean": 0.2839359651108597,
        "iou_std": 0.0027360778750208127,
        "iou_se": 0.0015796752976670455,
        "nrmse_values": [
          0.9249748338173023,
          0.9198632729584597,
          0.9322995414646046
        ],
        "iou_values": [
          0.2818580942505255,
          0.2878017402469702,
          0.2821480608350834
        ]
      },
      "cosamp": {
        "nrmse_mean": 0.833032679592316,
        "nrmse_std": 0.005213837374351188,
        "nrmse_se": 0.00301021041159259,
        "iou_mean": 0.3586771362188897,
        "iou_std": 0.0018177476980897325,
        "iou_se": 0.0010494771228109297,
        "nrmse_values": [
          0.8269175418720687,
          0.8325223403473903,
          0.8396581565574892
        ],
        "iou_values": [
          0.36124514738272284,
          0.3574946148115375,
          0.35729164646240874
        ]
      },
      "block_score_topk": {
        "nrmse_mean": 0.7669070245047487,
        "nrmse_std": 0.0012078279320396367,
        "nrmse_se": 0.0006973397816978334,
        "iou_mean": 0.526546100776493,
        "iou_std": 0.001482530453310092,
        "iou_se": 0.0008559393563003996,
        "nrmse_values": [
          0.7677843382323052,
          0.7651991107963155,
          0.7677376244856254
        ],
        "iou_values": [
          0.5277691529603294,
          0.5274093466446408,
          0.5244598027245085
        ]
      },
      "learned_block_scorer": {
        "nrmse_mean": 0.7775916961635874,
        "nrmse_std": 0.008207583370219509,
        "nrmse_se": 0.0047386504681925295,
        "iou_mean": 0.5181983822468859,
        "iou_std": 0.006121066521772929,
        "iou_se": 0.003533999404073207,
        "nrmse_values": [
          0.7708909538961948,
          0.772734042140881,
          0.7891500924536864
        ],
        "iou_values": [
          0.5262805489717255,
          0.5168424653262114,
          0.5114721324427207
        ]
      },
      "one_step_refinement": {
        "nrmse_mean": 0.4379958633873833,
        "nrmse_std": 0.011080535099227008,
        "nrmse_se": 0.00639734992230381,
        "iou_mean": 0.7635640207650011,
        "iou_std": 0.007591044465399795,
        "iou_se": 0.004382691565528991,
        "nrmse_values": [
          0.4255398592903725,
          0.43598958595440146,
          0.45245814491737585
        ],
        "iou_values": [
          0.7708380437645143,
          0.7667645801910508,
          0.7530894383394383
        ]
      },
      "fixed_iterative_refinement": {
        "nrmse_mean": 0.45625435599973746,
        "nrmse_std": 0.014285413201492748,
        "nrmse_se": 0.008247687157366871,
        "iou_mean": 0.7596997089884087,
        "iou_std": 0.008313196428102586,
        "iou_se": 0.004799626195591264,
        "nrmse_values": [
          0.4371703160237656,
          0.460055373535825,
          0.47153737843962196
        ],
        "iou_values": [
          0.7713545572074983,
          0.7552091607223186,
          0.752535409035409
        ]
      },
      "adaptive_refinement": {
        "nrmse_mean": 0.3844205553339172,
        "nrmse_std": 0.017991788704257966,
        "nrmse_se": 0.010387564051606206,
        "iou_mean": 0.797024948725929,
        "iou_std": 0.00916185454154777,
        "iou_se": 0.005289599185838801,
        "nrmse_values": [
          0.36521624504822947,
          0.379567519678772,
          0.40847790127475014
        ],