{
  "m=96,k=40": {
    "naive": {
      "nrmse_mean": 0.6752771705086978,
      "nrmse_se": 0.002413771214668151,
      "iou_mean": 0.24691366231184692
    },
    "cosamp": {
      "nrmse_mean": 0.4980053764773629,
      "nrmse_se": 0.0015204879099806514,
      "iou_mean": 0.37507290312992014
    },
    "block_score_topk": {
      "nrmse_mean": 0.5227658422190845,
      "nrmse_se": 0.0019933342204699984,
      "iou_mean": 0.5486146742146742
    },
    "learned_block_scorer": {
      "nrmse_mean": 0.5223647196162916,
      "nrmse_se": 0.0025080096026558365,
      "iou_mean": 0.5495493543493544
    },
    "one_step_refinement": {
      "nrmse_mean": 0.329086253381345,
      "nrmse_se": 0.0031571544153091813,
      "iou_mean": 0.7146770414770415
    },
    "adaptive_refinement": {
      "nrmse_mean": 0.003656442046213096,
      "nrmse_se": 0.0006438962845068138,
      "iou_mean": 0.9966095830095829
    },
    "oracle": {
      "nrmse_mean": 1.8544259048427027e-15,
      "nrmse_se": 1.2693093348391141e-17,
      "iou_mean": 1.0
    }
  },
  "m=96,k=55": {
    "naive": {
      "nrmse_mean": 0.7773673999660609,
      "nrmse_se": 0.0021510551932298005,
      "iou_mean": 0.25507591270718943
    },
    "cosamp": {
      "nrmse_mean": 0.6985068652406492,
      "nrmse_se": 0.001752042149165049,
      "iou_mean": 0.3118581372480222
    },
    "block_score_topk": {
      "nrmse_mean": 0.6807342321163397,
      "nrmse_se": 0.0032588035561493646,
      "iou_mean": 0.49275854565397903
    },
    "learned_block_scorer": {
      "nrmse_mean": 0.6800708802578905,
      "nrmse_se": 0.0027566770622221397,
      "iou_mean": 0.49295746187363837
    },
    "one_step_refinement": {
      "nrmse_mean": 0.5549966523144929,
      "nrmse_se": 0.0034887430830670635,
      "iou_mean": 0.5967104735191423
    },
    "adaptive_refinement": {
      "nrmse_mean": 0.10870482346319091,
      "nrmse_se": 0.003770580213619328,
      "iou_mean": 0.9248060689367963
    },
    "oracle": {
      "nrmse_mean": 2.05901554860018e-15,
      "nrmse_se": 7.590586204473865e-18,
      "iou_mean": 1.0
    }
  }
}