{
  "args": {
    "n": 256,
    "m": 128,
    "k": 25,
    "amp_lo": 0.5,
    "amp_hi": 2.0,
    "T": 30,
    "lam": 0.05,
    "n_masks": 10,
    "n_seen": 5,
    "n_train": 4000,
    "n_test": 500,
    "epochs": 150,
    "ft_epochs": 200,
    "batch_size": 128,
    "lr": 0.001,
    "d_embed": 32,
    "ft_budgets": [
      0,
      10,
      25,
      50,
      100,
      200
    ],
    "seed": 42,
    "mask_seed_base": 100,
    "device": "cpu",
    "out_dir": "results_exp1"
  },
  "alpha": 0.9999990463263657,
  "sn_max": 1.0000009536745438,
  "oracle_seen": 1.5888837537545444e-07,
  "oracle_unseen": 1.5870247494831346e-07,
  "seen_results": {
    "0": {
      "ista_nrmse": 0.37748605012893677,
      "ista_topk_nrmse": 0.20906301532241545,
      "oracle_nrmse": 1.586700178677347e-07,
      "per_mask_lista_nrmse": 0.18379679322242737,
      "per_mask_lista_individual": [
        0.18336401879787445,
        0.18501433730125427,
        0.1827269047498703,
        0.1846717745065689,
        0.1838110387325287
      ],
      "lista_nrmse": 0.18336401879787445,
      "shared_lista_nrmse": 0.18321511149406433,
      "cond_lista_nrmse": 0.1852411925792694
    },
    "1": {
      "ista_nrmse": 0.28953999280929565,
      "ista_topk_nrmse": 0.1029876208221765,
      "oracle_nrmse": 1.5355098157954217e-07,
      "per_mask_lista_nrmse": 0.10458305478096008,
      "per_mask_lista_individual": [
        0.1062782034277916,
        0.09667963534593582,
        0.10231158137321472,
        0.11018135398626328,
        0.10786063969135284
      ],
      "lista_nrmse": 0.09667963534593582,
      "shared_lista_nrmse": 0.10555659979581833,
      "cond_lista_nrmse": 0.09842103719711304
    },
    "2": {
      "ista_nrmse": 0.3448644280433655,
      "ista_topk_nrmse": 0.16723855738797017,
      "oracle_nrmse": 1.608223170421752e-07,
      "per_mask_lista_nrmse": 0.15073536336421967,
      "per_mask_lista_individual": [
        0.1510011851787567,
        0.14896918833255768,
        0.14920638501644135,
        0.15321078896522522,
        0.15183259546756744
      ],
      "lista_nrmse": 0.14920638501644135,
      "shared_lista_nrmse": 0.15066754817962646,
      "cond_lista_nrmse": 0.15119999647140503
    },
    "3": {
      "ista_nrmse": 0.3967607319355011,
      "ista_topk_nrmse": 0.2359619645805622,
      "oracle_nrmse": 1.610537208449614e-07,
      "per_mask_lista_nrmse": 0.20782853662967682,
      "per_mask_lista_individual": [
        0.20691092312335968,
        0.21110054850578308,
        0.20713862776756287,
        0.20752602815628052,
        0.20708677172660828
      ],
      "lista_nrmse": 0.20752602815628052,
      "shared_lista_nrmse": 0.20688451826572418,
      "cond_lista_nrmse": 0.20957301557064056
    },
    "4": {
      "ista_nrmse": 0.385498046875,
      "ista_topk_nrmse": 0.21936491645652412,
      "oracle_nrmse": 1.6034483954285862e-07,
      "per_mask_lista_nrmse": 0.19280453026294708,
      "per_mask_lista_individual": [
        0.1921001523733139,
        0.19516494870185852,
        0.19190707802772522,
        0.19307076930999756,
        0.19240912795066833
      ],
      "lista_nrmse": 0.19240912795066833,
      "shared_lista_nrmse": 0.19201608002185822,
      "cond_lista_nrmse": 0.19441567361354828
    }
  },
  "unseen_results": {
    "5": {
      "ista_nrmse": 0.32999247312545776,
      "ista_topk_nrmse": 0.1488143029887341,
      "oracle_nrmse": 1.5633453045893475e-07,
      "per_mask_lista_nrmse": 0.13541802763938904,
      "per_mask_lista_individual": [
        0.13615012168884277,
        0.1316763460636139,
        0.13360394537448883,
        0.13894076645374298,
        0.13722427189350128
      ],
      "shared_lista_nrmse": 0.13569872081279755,
      "cond_lista_nrmse": 0.167278453707695
    },
    "6": {
      "ista_nrmse": 0.3927910029888153,
      "ista_topk_nrmse": 0.23174398738158533,
      "oracle_nrmse": 1.6254449393215964e-07,
      "per_mask_lista_nrmse": 0.20313052833080292,
      "per_mask_lista_individual": [
        0.20230621099472046,
        0.20601065456867218,
        0.2023487389087677,
        0.20307092368602753,
        0.20253115892410278
      ],
      "shared_lista_nrmse": 0.2022600919008255,
      "cond_lista_nrmse": 0.2131081223487854
    },
    "7": {
      "ista_nrmse": 0.3731113076210022,
      "ista_topk_nrmse": 0.2033982913643095,
      "oracle_nrmse": 1.603110937793417e-07,
      "per_mask_lista_nrmse": 0.17921532690525055,
      "per_mask_lista_individual": [
        0.17885759472846985,
        0.18009881675243378,
        0.1781153529882431,
        0.1802535504102707,
        0.1793503612279892
      ],
      "shared_lista_nrmse": 0.178681880235672,
      "cond_lista_nrmse": 0.18771183490753174
    },
    "8": {
      "ista_nrmse": 0.35876816511154175,
      "ista_topk_nrmse": 0.18737366058628135,
      "oracle_nrmse": 1.5697266493930327e-07,
      "per_mask_lista_nrmse": 0.1643170267343521,
      "per_mask_lista_individual": [
        0.1643684059381485,
        0.16352121531963348,
        0.16293320059776306,
        0.1662769764661789,
        0.16506394743919373
      ],
      "shared_lista_nrmse": 0.1641032099723816,
      "cond_lista_nrmse": 0.19801373779773712
    },
    "9": {
      "ista_nrmse": 0.333935022354126,
      "ista_topk_nrmse": 0.15531495154104483,
      "oracle_nrmse": 1.5734959163182794e-07,
      "per_mask_lista_nrmse": 0.14061646163463593,
      "per_mask_lista_individual": [
        0.14118240773677826,
        0.13759689033031464,
        0.13894061744213104,
        0.14371848106384277,
        0.14215676486492157
      ],
      "shared_lista_nrmse": 0.1407749354839325,
      "cond_lista_nrmse": 0.165521502494812
    }
  },
  "adapt_curves": {
    "per_mask_lista": {
      "5": {
        "0": 0.13360394537448883,
        "10": 0.13216613233089447,
        "25": 0.13245393335819244,
        "50": 0.13337799906730652,
        "100": 0.13325557112693787,
        "200": 0.1330055594444275
      },
      "6": {
        "0": 0.2023487389087677,
        "10": 0.20424406230449677,
        "25": 0.20375831425189972,
        "50": 0.20275931060314178,
        "100": 0.2027841955423355,
        "200": 0.2028249353170395
      },
      "7": {
        "0": 0.1781153529882431,
        "10": 0.17837421596050262,
        "25": 0.17947611212730408,
        "50": 0.179058238863945,
        "100": 0.17926982045173645,
        "200": 0.17903174459934235
      },
      "8": {
        "0": 0.16293320059776306,
        "10": 0.16302889585494995,
        "25": 0.16272738575935364,
        "50": 0.163218691945076,
        "100": 0.16291537880897522,
        "200": 0.1632644534111023
      },
      "9": {
        "0": 0.13894061744213104,
        "10": 0.13793399930000305,
        "25": 0.13872332870960236,
        "50": 0.13883227109909058,
        "100": 0.1382375806570053,
        "200": 0.13812285661697388
      }
    },
    "shared_lista": {
      "5": {
        "0": 0.13569872081279755,
        "10": 0.1321668028831482,
        "25": 0.13245536386966705,
        "50": 0.13337089121341705,
        "100": 0.13325947523117065,
        "200": 0.1330244243144989
      },
      "6": {
        "0": 0.2022600919008255,
        "10": 0.20425216853618622,
        "25": 0.20376038551330566,
        "50": 0.20275914669036865,
        "100": 0.20279301702976227,
        "200": 0.2028045654296875
      },
      "7": {
        "0": 0.178681880235672,
        "10": 0.1783919483423233,
        "25": 0.17948172986507416,
        "50": 0.17906206846237183,
        "100": 0.1792692244052887,
        "200": 0.179069384932518
      },
      "8": {
        "0": 0.1641032099723816,
        "10": 0.1630256325006485,
        "25": 0.16270758211612701,
        "50": 0.16322116553783417,
        "100": 0.1629164218902588,
        "200": 0.16332164406776428
      },
      "9": {
        "0": 0.1407749354839325,
        "10": 0.1379304975271225,
        "25": 0.13872705399990082,